date,amount,currency_type,donor_id
2025-12-12 09:00:00,75.0,Credit Card,D75
2025-12-10 19:17:24,257.5,Credit Card,D122
2025-12-10 19:13:19,100.0,ACH,D68
2025-12-09 19:12:47,103.0,Credit Card,D124
2025-12-08 19:14:26,100.0,ACH,D56
2025-12-08 09:00:00,500.0,Check,D62
2025-12-07 19:17:14,61.8,Credit Card,D99
2025-12-07 19:17:06,25.75,Credit Card,D79
2025-12-07 19:16:54,515.0,Credit Card,D65
2025-12-06 19:13:13,100.0,ACH,D59
2025-12-06 19:13:09,100.0,ACH,D105
2025-12-06 19:13:07,50.0,ACH,D84
2025-12-05 19:16:28,100.0,ACH,D81
2025-12-05 19:16:04,25.0,ACH,D96
2025-12-05 19:15:22,10.3,Credit Card,D30
2025-12-05 19:14:55,10.3,ACH,D53
2025-12-04 19:12:53,75.0,Credit Card,D22
2025-12-03 19:13:19,103.0,ACH,D17
2025-12-02 19:14:38,154.5,Credit Card,D29
2025-12-02 19:14:14,50.0,Credit Card,D58
2025-12-01 19:27:45,100.0,ACH,D27
2025-12-01 19:25:51,150.0,Credit Card,D135
2025-12-01 19:25:49,50.0,Credit Card,D109
2025-12-01 19:25:46,100.0,ACH,D7
2025-12-01 19:25:32,103.0,Credit Card,D52
2025-12-01 19:25:29,51.5,Credit Card,D80
2025-12-01 19:25:26,51.5,Credit Card,D133
2025-12-01 19:25:24,80.0,ACH,D70
2025-12-01 19:25:18,100.0,ACH,D118
2025-12-01 19:25:00,200.0,Credit Card,D42
2025-12-01 19:24:48,100.0,ACH,D71
2025-12-01 19:24:42,100.0,ACH,D10
2025-12-01 19:23:46,100.0,ACH,D95
2025-12-01 19:23:27,50.0,ACH,D113
2025-12-01 19:23:15,100.0,ACH,D97
2025-12-01 19:22:27,51.5,Credit Card,D102
2025-11-29 19:12:30,50.0,Credit Card,D43
2025-11-28 19:15:11,100.0,ACH,D44
2025-11-28 19:14:40,214.97,Credit Card,D45
2025-11-27 19:14:12,100.0,ACH,D67
2025-11-26 19:12:33,206.0,Credit Card,D134
2025-11-25 19:13:14,206.0,Credit Card,D32
2025-11-25 19:13:04,515.0,ACH,D64
2025-11-24 19:14:27,100.0,Credit Card,D6
2025-11-21 19:19:52,50.0,Credit Card,D55
2025-11-20 19:13:36,50.0,ACH,D50
2025-11-20 19:13:30,25.0,ACH,D54
2025-11-20 19:13:09,206.0,Credit Card,D117
2025-11-20 19:13:07,100.0,ACH,D131
2025-11-19 19:12:38,100.0,Credit Card,D72
2025-11-18 19:12:53,100.0,ACH,D25
2025-11-18 19:12:48,50.0,Credit Card,D116
2025-11-17 19:14:53,100.0,Credit Card,D74
2025-11-17 19:14:43,100.0,ACH,D125
2025-11-17 19:14:34,30.9,ACH,D107
2025-11-16 19:19:31,50.0,Credit Card,D93
2025-11-16 19:19:29,77.25,Credit Card,D21
2025-11-16 19:19:16,51.5,ACH,D12
2025-11-15 19:23:24,125.0,ACH,D92
2025-11-15 19:21:25,154.5,Credit Card,D11
2025-11-15 19:21:24,100.0,ACH,D2
2025-11-15 19:20:56,100.0,ACH,D108
2025-11-15 19:20:38,250.0,Credit Card,D121
2025-11-15 19:20:29,51.5,Credit Card,D66
2025-11-15 19:19:53,250.0,ACH,D126
2025-11-14 19:19:40,75.0,Credit Card,D75
2025-11-13 19:12:24,100.0,ACH,D100
2025-11-13 19:12:21,100.0,Credit Card,D41
2025-11-12 19:12:12,100.0,Credit Card,D0
2025-11-10 19:19:31,257.5,Credit Card,D122
2025-11-10 19:14:37,100.0,ACH,D68
2025-11-10 09:00:00,500.0,Check,D62
2025-11-09 19:15:59,103.0,Credit Card,D124
2025-11-08 19:13:07,100.0,ACH,D56
2025-11-07 19:14:54,61.8,Credit Card,D99
2025-11-07 19:14:40,25.75,Credit Card,D79
2025-11-07 19:14:36,515.0,Credit Card,D65
2025-11-06 19:12:43,100.0,ACH,D105
2025-11-06 19:12:43,50.0,ACH,D84
2025-11-06 19:12:41,100.0,ACH,D59
2025-11-05 19:14:28,100.0,ACH,D81
2025-11-05 19:14:09,25.0,ACH,D96
2025-11-05 19:13:47,10.3,Credit Card,D30
2025-11-05 19:13:11,10.3,ACH,D53
2025-11-04 19:13:02,75.0,Credit Card,D22
2025-11-03 19:14:57,103.0,ACH,D17
2025-11-02 19:17:38,154.5,Credit Card,D29
2025-11-02 19:17:25,50.0,Credit Card,D58
2025-11-01 19:27:54,100.0,ACH,D27
2025-11-01 19:26:12,100.0,ACH,D7
2025-11-01 19:26:05,150.0,Credit Card,D135
2025-11-01 19:26:01,50.0,Credit Card,D109
2025-11-01 19:25:49,51.5,Credit Card,D80
2025-11-01 19:25:48,103.0,Credit Card,D52
2025-11-01 19:25:41,51.5,Credit Card,D133
2025-11-01 19:25:40,80.0,ACH,D70
2025-11-01 19:25:32,100.0,ACH,D118
2025-11-01 19:25:11,100.0,Credit Card,D42
2025-11-01 19:24:52,100.0,ACH,D71
2025-11-01 19:24:45,100.0,ACH,D10
2025-11-01 19:23:45,100.0,ACH,D95
2025-11-01 19:23:28,50.0,ACH,D113
2025-11-01 19:23:09,100.0,ACH,D97
2025-11-01 19:22:23,51.5,Credit Card,D102
2025-10-29 19:12:22,50.0,Credit Card,D43
2025-10-28 19:13:42,100.0,ACH,D44
2025-10-28 19:13:24,214.97,Credit Card,D45
2025-10-27 19:18:54,100.0,ACH,D67
2025-10-26 19:16:18,206.0,Credit Card,D134
2025-10-25 19:13:12,206.0,Credit Card,D32
2025-10-25 19:13:05,515.0,ACH,D64
2025-10-24 19:14:20,100.0,Credit Card,D6
2025-10-21 19:17:47,50.0,Credit Card,D55
2025-10-20 19:16:01,50.0,ACH,D50
2025-10-20 19:15:54,25.0,ACH,D54
2025-10-20 19:15:28,206.0,Credit Card,D117
2025-10-20 19:15:24,100.0,ACH,D131
2025-10-19 19:17:36,100.0,Credit Card,D72
2025-10-18 19:13:18,100.0,ACH,D25
2025-10-18 19:12:59,150.0,Credit Card,D116
2025-10-17 19:21:52,75.0,Credit Card,D75
2025-10-17 19:15:57,100.0,Credit Card,D74
2025-10-17 19:15:43,100.0,ACH,D125
2025-10-17 19:15:40,30.9,ACH,D107
2025-10-16 19:16:17,50.0,Credit Card,D93
2025-10-16 19:16:15,77.25,Credit Card,D21
2025-10-16 19:16:03,51.5,ACH,D12
2025-10-15 19:24:30,125.0,ACH,D92
2025-10-15 19:22:02,154.5,Credit Card,D11
2025-10-15 19:22:01,100.0,ACH,D2
2025-10-15 19:21:30,100.0,ACH,D108
2025-10-15 19:21:07,250.0,Credit Card,D121
2025-10-15 19:20:57,51.5,Credit Card,D66
2025-10-15 19:20:14,250.0,ACH,D126
2025-10-13 19:14:24,100.0,ACH,D100
2025-10-13 19:14:12,100.0,Credit Card,D41
2025-10-12 19:16:52,100.0,Credit Card,D0
2025-10-10 19:20:40,257.5,Credit Card,D122
2025-10-10 19:15:31,100.0,ACH,D68
2025-10-09 19:12:48,103.0,Credit Card,D124
2025-10-08 19:13:17,100.0,ACH,D56
2025-10-07 19:13:56,61.8,Credit Card,D99
2025-10-07 19:13:41,25.75,Credit Card,D79
2025-10-07 19:13:37,515.0,Credit Card,D65
2025-10-07 09:00:00,500.0,Check,D62
2025-10-06 19:15:06,100.0,ACH,D59
2025-10-06 19:15:01,100.0,ACH,D105
2025-10-06 19:14:58,50.0,ACH,D84
2025-10-05 19:19:53,100.0,ACH,D81
2025-10-05 19:19:20,25.0,ACH,D96
2025-10-05 19:18:27,10.3,Credit Card,D30
2025-10-05 19:17:51,10.3,ACH,D53
2025-10-04 19:13:29,75.0,Credit Card,D22
2025-10-03 19:16:11,103.0,ACH,D17
2025-10-02 19:14:38,154.5,Credit Card,D29
2025-10-02 19:14:13,50.0,Credit Card,D58
2025-10-01 19:30:43,100.0,ACH,D27
2025-10-01 19:29:01,100.0,ACH,D7
2025-10-01 19:28:55,150.0,Credit Card,D135
2025-10-01 19:28:53,50.0,Credit Card,D109
2025-10-01 19:28:38,103.0,Credit Card,D52
2025-10-01 19:28:34,51.5,Credit Card,D80
2025-10-01 19:28:31,80.0,ACH,D70
2025-10-01 19:28:26,51.5,Credit Card,D133
2025-10-01 19:28:14,100.0,ACH,D118
2025-10-01 19:28:02,100.0,Credit Card,D42
2025-10-01 19:27:48,100.0,ACH,D71
2025-10-01 19:27:37,100.0,ACH,D10
2025-10-01 19:26:36,100.0,ACH,D95
2025-10-01 19:26:05,50.0,ACH,D113
2025-10-01 19:25:47,100.0,ACH,D97
2025-10-01 19:24:56,51.5,Credit Card,D102
2025-09-29 19:13:55,50.0,Credit Card,D43
2025-09-28 19:17:37,100.0,ACH,D44
2025-09-28 19:16:53,214.97,Credit Card,D45
2025-09-27 19:29:44,100.0,ACH,D67
2025-09-26 19:14:59,206.0,Credit Card,D134
2025-09-25 19:13:09,206.0,Credit Card,D32
2025-09-25 19:12:53,515.0,ACH,D64
2025-09-24 19:12:53,100.0,Credit Card,D6
2025-09-24 19:12:49,75.0,Credit Card,D115
2025-09-23 19:16:25,400.0,ACH,D138
2025-09-21 19:26:04,50.0,Credit Card,D55
2025-09-20 19:14:46,50.0,ACH,D50
2025-09-20 19:14:40,25.0,ACH,D54
2025-09-20 19:14:18,206.0,Credit Card,D117
2025-09-20 19:14:17,100.0,ACH,D131
2025-09-19 19:15:33,100.0,Credit Card,D72
2025-09-18 19:16:13,5150.0,Apple Pay,D52
2025-09-18 19:13:18,50.0,ACH,D25
2025-09-18 19:12:59,150.0,Credit Card,D116
2025-09-17 19:13:27,100.0,Credit Card,D74
2025-09-17 19:13:21,100.0,ACH,D125
2025-09-17 19:13:17,100.0,Credit Card,D82
2025-09-17 19:13:14,30.9,ACH,D107
2025-09-16 19:16:32,77.25,Credit Card,D21
2025-09-16 19:16:24,50.0,Credit Card,D93
2025-09-16 19:16:14,51.5,ACH,D12
2025-09-15 19:26:49,125.0,ACH,D92
2025-09-15 19:24:08,154.5,Credit Card,D11
2025-09-15 19:24:05,100.0,ACH,D2
2025-09-15 19:23:33,100.0,ACH,D108
2025-09-15 19:23:18,250.0,Credit Card,D121
2025-09-15 19:23:06,51.5,Credit Card,D66
2025-09-15 19:22:29,250.0,ACH,D126
2025-09-13 19:12:55,100.0,ACH,D100
2025-09-13 19:12:47,100.0,Credit Card,D41
2025-09-12 19:20:50,75.0,Credit Card,D75
2025-09-12 19:15:14,100.0,Credit Card,D0
2025-09-10 19:17:47,257.5,Credit Card,D122
2025-09-10 19:13:39,100.0,ACH,D68
2025-09-09 19:12:46,103.0,Credit Card,D124
2025-09-08 19:14:55,100.0,ACH,D56
2025-09-08 09:00:00,500.0,Check,D62
2025-09-07 19:17:43,61.8,Credit Card,D99
2025-09-07 19:17:21,515.0,Credit Card,D65
2025-09-07 19:17:19,25.75,Credit Card,D79
2025-09-06 19:13:10,100.0,ACH,D59
2025-09-06 19:13:00,50.0,ACH,D84
2025-09-06 19:12:57,100.0,ACH,D105
2025-09-05 19:19:01,100.0,ACH,D81
2025-09-05 19:18:25,25.0,ACH,D96
2025-09-05 19:17:35,10.3,Credit Card,D30
2025-09-05 19:16:50,10.3,ACH,D53
2025-09-04 19:13:32,75.0,Credit Card,D22
2025-09-03 19:14:15,103.0,ACH,D17
2025-09-02 19:14:57,154.5,Credit Card,D29
2025-09-02 19:14:31,50.0,Credit Card,D58
2025-09-01 19:32:38,100.0,ACH,D27
2025-09-01 19:30:22,100.0,ACH,D7
2025-09-01 19:30:11,150.0,Credit Card,D135
2025-09-01 19:30:08,50.0,Credit Card,D109
2025-09-01 19:29:54,103.0,Credit Card,D52
2025-09-01 19:29:50,51.5,Credit Card,D80
2025-09-01 19:29:47,80.0,ACH,D70
2025-09-01 19:29:46,51.5,Credit Card,D133
2025-09-01 19:29:35,100.0,Credit Card,D57
2025-09-01 19:29:32,100.0,ACH,D118
2025-09-01 19:29:18,100.0,Credit Card,D42
2025-09-01 19:29:04,100.0,ACH,D71
2025-09-01 19:28:51,100.0,ACH,D10
2025-09-01 19:27:47,100.0,ACH,D95
2025-09-01 19:27:27,50.0,ACH,D113
2025-09-01 19:27:09,100.0,ACH,D97
2025-09-01 19:26:08,51.5,Credit Card,D102
2025-08-30 19:17:11,3000.0,ACH,D13
2025-08-29 19:15:05,50.0,Credit Card,D43
2025-08-28 19:13:36,100.0,ACH,D44
2025-08-28 19:13:24,214.97,Credit Card,D45
2025-08-27 19:15:23,100.0,ACH,D67
2025-08-26 19:12:50,206.0,Credit Card,D134
2025-08-25 19:15:19,206.0,Credit Card,D32
2025-08-25 19:15:00,515.0,ACH,D64
2025-08-24 19:24:46,1000.0,Credit Card,D45
2025-08-24 19:17:27,100.0,Credit Card,D6
2025-08-24 19:17:27,75.0,Credit Card,D115
2025-08-20 19:14:43,50.0,ACH,D50
2025-08-20 19:14:39,25.0,ACH,D54
2025-08-20 19:14:16,206.0,Credit Card,D117
2025-08-20 19:14:10,100.0,ACH,D131
2025-08-19 19:13:30,100.0,Credit Card,D72
2025-08-18 19:14:51,50.0,ACH,D25
2025-08-18 19:14:39,150.0,Credit Card,D116
2025-08-17 19:17:34,100.0,Credit Card,D74
2025-08-17 19:17:30,100.0,Credit Card,D82
2025-08-17 19:17:29,100.0,ACH,D125
2025-08-17 19:17:21,30.9,ACH,D107
2025-08-16 19:15:43,50.0,Credit Card,D93
2025-08-16 19:15:42,77.25,Credit Card,D21
2025-08-16 19:15:34,51.5,ACH,D12
2025-08-15 19:27:18,125.0,ACH,D92
2025-08-15 19:24:39,100.0,ACH,D2
2025-08-15 19:24:39,154.5,Credit Card,D11
2025-08-15 19:23:59,100.0,ACH,D108
2025-08-15 19:23:34,250.0,Credit Card,D121
2025-08-15 19:23:25,51.5,Credit Card,D66
2025-08-15 19:22:50,250.0,ACH,D126
2025-08-13 19:12:29,100.0,ACH,D100
2025-08-13 19:12:22,100.0,Credit Card,D41
2025-08-12 19:13:07,100.0,Credit Card,D0
2025-08-11 09:00:00,1000.0,Check,D19
2025-08-11 09:00:00,500.0,Check,D62
2025-08-10 19:23:29,257.5,Credit Card,D122
2025-08-10 19:17:49,51.5,Credit Card,D33
2025-08-10 19:16:47,100.0,ACH,D68
2025-08-09 19:12:50,103.0,Credit Card,D124
2025-08-08 19:20:07,1000.0,ACH,D59
2025-08-08 19:19:54,75.0,Credit Card,D75
2025-08-08 19:15:05,100.0,ACH,D56
2025-08-07 19:13:50,61.8,Credit Card,D99
2025-08-07 19:13:35,515.0,Credit Card,D65
2025-08-07 19:13:31,25.75,Credit Card,D79
2025-08-06 19:13:14,100.0,ACH,D105
2025-08-06 19:13:12,50.0,ACH,D84
2025-08-06 19:13:07,100.0,ACH,D59
2025-08-05 19:15:09,100.0,ACH,D81
2025-08-05 19:14:39,25.0,ACH,D96
2025-08-05 19:14:11,10.3,Credit Card,D30
2025-08-05 19:13:39,10.3,ACH,D53
2025-08-04 19:14:56,75.0,Credit Card,D22
2025-08-03 19:18:30,103.0,ACH,D17
2025-08-02 19:15:07,154.5,Credit Card,D29
2025-08-02 19:14:48,50.0,Credit Card,D58
2025-08-01 19:31:02,100.0,ACH,D27
2025-08-01 19:29:08,100.0,ACH,D7
2025-08-01 19:29:00,150.0,Credit Card,D135
2025-08-01 19:29:00,50.0,Credit Card,D109
2025-08-01 19:28:43,51.5,Credit Card,D80
2025-08-01 19:28:43,51.5,Credit Card,D133
2025-08-01 19:28:41,103.0,Credit Card,D52
2025-08-01 19:28:35,80.0,ACH,D70
2025-08-01 19:28:28,100.0,Credit Card,D57
2025-08-01 19:28:28,100.0,ACH,D118
2025-08-01 19:28:07,100.0,Credit Card,D42
2025-08-01 19:27:50,100.0,ACH,D71
2025-08-01 19:27:42,100.0,ACH,D10
2025-08-01 19:26:51,100.0,ACH,D95
2025-08-01 19:26:27,50.0,ACH,D113
2025-08-01 19:26:11,100.0,ACH,D97
2025-08-01 19:25:15,51.5,Credit Card,D102
2025-07-29 19:12:32,50.0,Credit Card,D43
2025-07-28 19:15:57,100.0,ACH,D44
2025-07-28 19:15:19,214.97,Credit Card,D45
2025-07-27 19:24:37,1000.0,ACH,D111
2025-07-27 19:23:47,100.0,ACH,D67
2025-07-26 19:13:07,206.0,Credit Card,D134
2025-07-25 19:15:35,206.0,Credit Card,D32
2025-07-25 19:15:17,515.0,ACH,D64
2025-07-24 19:12:46,75.0,Credit Card,D115
2025-07-24 19:12:45,100.0,Credit Card,D6
2025-07-20 19:18:26,25.0,ACH,D54
2025-07-20 19:18:23,50.0,ACH,D50
2025-07-20 19:17:43,100.0,ACH,D131
2025-07-20 19:17:38,206.0,Credit Card,D117
2025-07-19 19:13:13,100.0,Credit Card,D72
2025-07-18 19:14:59,50.0,ACH,D25
2025-07-18 19:14:45,150.0,Credit Card,D116
2025-07-17 19:13:03,100.0,Credit Card,D74
2025-07-17 19:13:00,100.0,ACH,D125
2025-07-17 19:12:58,100.0,Credit Card,D82
2025-07-17 19:12:47,30.9,ACH,D107
2025-07-17 19:10:27,77.25,Credit Card,D21
2025-07-16 19:16:13,50.0,Credit Card,D93
2025-07-16 19:16:05,51.5,ACH,D12
2025-07-15 19:26:08,125.0,ACH,D92
2025-07-15 19:23:43,154.5,Credit Card,D11
2025-07-15 19:23:42,100.0,ACH,D2
2025-07-15 19:23:09,100.0,ACH,D108
2025-07-15 19:22:45,250.0,Credit Card,D121
2025-07-15 19:22:34,51.5,Credit Card,D66
2025-07-15 19:21:51,250.0,ACH,D126
2025-07-14 19:21:06,1000.0,ACH,D112
2025-07-13 19:23:48,75.0,Credit Card,D75
2025-07-13 19:17:19,100.0,ACH,D100
2025-07-13 19:17:08,100.0,Credit Card,D41
2025-07-12 19:12:50,100.0,Credit Card,D0
2025-07-11 19:20:05,75.0,ACH,D75
2025-07-10 19:19:09,257.5,Credit Card,D122
2025-07-10 19:14:19,51.5,Credit Card,D33
2025-07-10 19:13:47,100.0,ACH,D68
2025-07-09 19:12:41,103.0,Credit Card,D124
2025-07-08 19:13:07,100.0,ACH,D56
2025-07-08 09:00:00,500.0,Check,D62
2025-07-07 19:15:41,61.8,Credit Card,D99
2025-07-07 19:15:25,515.0,Credit Card,D65
2025-07-07 19:15:25,25.75,Credit Card,D79
2025-07-06 19:17:37,100.0,ACH,D59
2025-07-06 19:17:36,50.0,ACH,D84
2025-07-06 19:17:36,100.0,ACH,D105
2025-07-05 19:15:59,100.0,ACH,D81
2025-07-05 19:15:26,25.0,ACH,D96
2025-07-05 19:14:49,10.3,Credit Card,D30
2025-07-05 19:14:07,10.3,ACH,D53
2025-07-04 19:15:35,75.0,Credit Card,D22
2025-07-03 19:14:19,103.0,ACH,D17
2025-07-02 19:15:20,154.5,Credit Card,D29
2025-07-02 19:14:53,50.0,Credit Card,D58
2025-07-01 19:32:08,100.0,ACH,D27
2025-07-01 19:30:14,100.0,ACH,D7
2025-07-01 19:30:08,50.0,Credit Card,D109
2025-07-01 19:29:59,150.0,Credit Card,D135
2025-07-01 19:29:43,51.5,Credit Card,D80
2025-07-01 19:29:40,103.0,Credit Card,D52
2025-07-01 19:29:38,80.0,ACH,D70
2025-07-01 19:29:37,51.5,Credit Card,D133
2025-07-01 19:29:25,100.0,Credit Card,D57
2025-07-01 19:29:20,100.0,ACH,D118
2025-07-01 19:29:07,100.0,Credit Card,D42
2025-07-01 19:28:38,100.0,ACH,D71
2025-07-01 19:28:35,100.0,ACH,D10
2025-07-01 19:27:26,100.0,ACH,D95
2025-07-01 19:27:04,50.0,ACH,D113
2025-07-01 19:26:35,100.0,ACH,D97
2025-07-01 19:25:49,51.5,Credit Card,D102
2025-06-29 19:16:37,50.0,Credit Card,D43
2025-06-28 19:14:24,100.0,ACH,D44
2025-06-28 19:14:02,214.97,Credit Card,D45
2025-06-27 19:19:58,100.0,ACH,D67
2025-06-26 19:13:01,206.0,Credit Card,D134
2025-06-25 19:12:57,206.0,Credit Card,D32
2025-06-25 19:12:51,515.0,ACH,D64
2025-06-24 19:18:07,100.0,Credit Card,D6
2025-06-24 19:17:59,75.0,Credit Card,D115
2025-06-20 19:29:09,50.0,ACH,D50
2025-06-20 19:29:06,25.0,ACH,D54
2025-06-20 19:27:00,206.0,Credit Card,D117
2025-06-20 19:26:48,100.0,ACH,D131
2025-06-19 19:18:08,100.0,Credit Card,D72
2025-06-18 19:17:40,50.0,ACH,D25
2025-06-18 19:17:15,150.0,Credit Card,D116
2025-06-17 19:19:44,100.0,Credit Card,D74
2025-06-17 19:19:06,100.0,ACH,D125
2025-06-17 19:19:02,30.9,ACH,D107
2025-06-17 19:18:53,100.0,Credit Card,D82
2025-06-16 19:29:52,77.25,Credit Card,D21
2025-06-16 19:29:47,50.0,Credit Card,D93
2025-06-16 19:29:06,51.5,ACH,D12
2025-06-15 20:13:26,125.0,ACH,D92
2025-06-15 20:02:26,100.0,ACH,D2
2025-06-15 20:02:19,154.5,Credit Card,D11
2025-06-15 20:01:10,100.0,ACH,D108
2025-06-15 19:59:36,250.0,Credit Card,D121
2025-06-15 19:59:24,51.5,Credit Card,D66
2025-06-15 19:57:07,250.0,ACH,D126
2025-06-13 19:41:58,75.0,Credit Card,D75
2025-06-13 19:23:36,100.0,ACH,D100
2025-06-13 19:23:20,100.0,Credit Card,D41
2025-06-12 19:17:17,100.0,Credit Card,D0
2025-06-10 19:21:45,51.5,Credit Card,D33
2025-06-10 19:19:14,100.0,ACH,D68
2025-06-09 19:27:27,103.0,Credit Card,D124
2025-06-09 09:00:00,500.0,Check,D62
2025-06-08 19:34:01,100.0,ACH,D56
2025-06-07 19:21:46,257.5,Credit Card,D40
2025-06-07 19:21:32,61.8,Credit Card,D99
2025-06-07 19:21:00,25.75,Credit Card,D79
2025-06-07 19:20:39,515.0,Credit Card,D65
2025-06-06 19:25:30,100.0,ACH,D59
2025-06-06 19:25:18,50.0,ACH,D84
2025-06-06 19:25:06,100.0,ACH,D105
2025-06-05 19:25:12,100.0,ACH,D81
2025-06-05 19:23:39,25.0,ACH,D96
2025-06-05 19:21:53,10.3,Credit Card,D30
2025-06-05 19:20:02,10.3,ACH,D53
2025-06-04 19:18:26,75.0,Credit Card,D22
2025-06-03 19:21:46,103.0,ACH,D17
2025-06-02 19:30:48,154.5,Credit Card,D29
2025-06-02 19:28:55,50.0,Credit Card,D58
2025-06-01 14:22:19,100.0,ACH,D27
2025-06-01 14:21:05,100.0,ACH,D7
2025-06-01 14:21:02,50.0,Credit Card,D109
2025-06-01 14:21:02,150.0,Credit Card,D135
2025-06-01 14:20:56,103.0,Credit Card,D52
2025-06-01 14:20:55,200.0,Credit Card,D34
2025-06-01 14:20:55,51.5,Credit Card,D80
2025-06-01 14:20:54,51.5,Credit Card,D133
2025-06-01 14:20:53,80.0,ACH,D70
2025-06-01 14:20:49,100.0,ACH,D118
2025-06-01 14:20:49,100.0,Credit Card,D57
2025-06-01 14:20:42,100.0,Credit Card,D42
2025-06-01 14:20:37,100.0,ACH,D71
2025-06-01 14:20:34,100.0,ACH,D10
2025-06-01 14:20:12,100.0,ACH,D95
2025-06-01 14:20:05,50.0,ACH,D113
2025-06-01 14:19:59,100.0,ACH,D97
2025-06-01 14:19:38,51.5,Credit Card,D102
2025-05-29 14:10:49,50.0,Credit Card,D43
2025-05-28 14:12:04,100.0,ACH,D44
2025-05-28 14:11:50,214.97,Credit Card,D45
2025-05-26 14:11:37,103.0,Credit Card,D67
2025-05-26 14:11:33,206.0,Credit Card,D134
2025-05-25 14:12:49,206.0,Credit Card,D32
2025-05-25 14:12:41,515.0,ACH,D64
2025-05-24 14:11:06,128.75,Credit Card,D115
2025-05-24 14:11:05,100.0,Credit Card,D6
2025-05-20 14:11:57,50.0,ACH,D50
2025-05-20 14:11:57,25.0,ACH,D54
2025-05-20 14:11:45,206.0,Credit Card,D117
2025-05-20 14:11:45,100.0,ACH,D131
2025-05-19 14:11:34,100.0,Credit Card,D72
2025-05-18 14:12:16,50.0,ACH,D25
2025-05-18 14:12:09,150.0,Credit Card,D116
2025-05-17 14:11:15,100.0,Credit Card,D74
2025-05-17 14:11:11,100.0,ACH,D125
2025-05-17 14:11:11,100.0,Credit Card,D82
2025-05-17 14:11:09,30.9,ACH,D107
2025-05-16 14:15:05,75.0,Credit Card,D75
2025-05-16 14:12:43,50.0,Credit Card,D93
2025-05-16 14:12:42,77.25,Credit Card,D21
2025-05-16 14:12:39,51.5,ACH,D12
2025-05-15 14:16:15,125.0,ACH,D92
2025-05-15 14:15:09,100.0,ACH,D2
2025-05-15 14:15:08,154.5,Credit Card,D11
2025-05-15 14:15:00,100.0,ACH,D108
2025-05-15 14:14:52,250.0,Credit Card,D121
2025-05-15 14:14:50,51.5,Credit Card,D66
2025-05-15 14:14:39,250.0,ACH,D126
2025-05-13 14:10:57,100.0,ACH,D100
2025-05-13 14:10:54,100.0,Credit Card,D41
2025-05-12 14:11:31,100.0,Credit Card,D0
2025-05-12 09:00:00,500.0,Check,D62
2025-05-10 14:12:29,51.5,Credit Card,D33
2025-05-10 14:12:12,100.0,ACH,D68
2025-05-09 14:11:48,103.0,Credit Card,D124
2025-05-08 14:12:34,200.0,ACH,D138
2025-05-08 14:11:15,100.0,ACH,D56
2025-05-07 14:11:35,257.5,Credit Card,D40
2025-05-07 14:11:34,61.8,Credit Card,D99
2025-05-07 14:11:31,25.75,Credit Card,D79
2025-05-07 14:11:29,515.0,Credit Card,D65
2025-05-06 14:11:23,100.0,ACH,D59
2025-05-06 14:11:23,100.0,ACH,D105
2025-05-06 14:11:22,50.0,ACH,D84
2025-05-06 14:10:04,10.3,Credit Card,D30
2025-05-05 14:13:12,100.0,ACH,D81
2025-05-05 14:12:59,25.0,ACH,D96
2025-05-05 14:12:23,10.3,ACH,D53
2025-05-04 14:12:18,75.0,Credit Card,D22
2025-05-03 14:11:29,103.0,ACH,D17
2025-05-02 14:12:59,154.5,Credit Card,D29
2025-05-02 14:12:52,50.0,Credit Card,D58
2025-05-01 14:31:44,3500.0,ACH,D126
2025-05-01 14:21:14,100.0,ACH,D27
2025-05-01 14:20:15,75.0,ACH,D60
2025-05-01 14:20:08,100.0,ACH,D7
2025-05-01 14:20:05,50.0,Credit Card,D109
2025-05-01 14:20:05,150.0,Credit Card,D135
2025-05-01 14:19:59,103.0,Credit Card,D52
2025-05-01 14:19:57,51.5,Credit Card,D80
2025-05-01 14:19:57,200.0,Credit Card,D34
2025-05-01 14:19:57,51.5,Credit Card,D133
2025-05-01 14:19:56,80.0,ACH,D70
2025-05-01 14:19:52,100.0,ACH,D118
2025-05-01 14:19:52,100.0,Credit Card,D57
2025-05-01 14:19:45,100.0,Credit Card,D42
2025-05-01 14:19:39,100.0,ACH,D71
2025-05-01 14:19:36,100.0,ACH,D10
2025-05-01 14:19:15,100.0,ACH,D95
2025-05-01 14:19:08,50.0,ACH,D113
2025-05-01 14:19:03,100.0,ACH,D97
2025-05-01 14:18:46,51.5,Credit Card,D102
2025-04-29 14:10:55,50.0,Credit Card,D43
2025-04-28 14:12:58,100.0,ACH,D44
2025-04-28 14:12:37,214.97,Credit Card,D45
2025-04-26 14:11:19,103.0,Credit Card,D67
2025-04-26 14:11:14,206.0,Credit Card,D134
2025-04-25 14:12:08,206.0,Credit Card,D32
2025-04-25 14:12:04,515.0,ACH,D64
2025-04-24 14:11:02,128.75,Credit Card,D115
2025-04-24 14:11:01,100.0,Credit Card,D6
2025-04-23 14:12:30,51.5,Apple Pay,D86
2025-04-20 14:13:30,50.0,ACH,D50
2025-04-20 14:13:30,25.0,ACH,D54
2025-04-20 14:13:13,206.0,Credit Card,D117
2025-04-20 14:13:12,100.0,ACH,D131
2025-04-19 14:11:20,100.0,Credit Card,D72
2025-04-18 14:11:54,50.0,ACH,D25
2025-04-18 14:11:48,150.0,Credit Card,D116
2025-04-17 14:11:18,100.0,Credit Card,D74
2025-04-17 14:11:14,100.0,ACH,D125
2025-04-17 14:11:13,100.0,Credit Card,D82
2025-04-17 14:11:12,30.9,ACH,D107
2025-04-16 14:12:24,50.0,Credit Card,D93
2025-04-16 14:12:23,77.25,Credit Card,D21
2025-04-16 14:12:20,51.5,ACH,D12
2025-04-15 14:17:22,125.0,ACH,D92
2025-04-15 14:15:59,100.0,ACH,D2
2025-04-15 14:15:58,154.5,Credit Card,D11
2025-04-15 14:15:48,100.0,ACH,D108
2025-04-15 14:15:39,250.0,Credit Card,D121
2025-04-15 14:15:36,51.5,Credit Card,D66
2025-04-15 14:15:24,250.0,ACH,D126
2025-04-13 14:12:23,100.0,ACH,D100
2025-04-13 14:12:21,100.0,Credit Card,D41
2025-04-12 14:11:12,100.0,Credit Card,D0
2025-04-11 14:14:10,75.0,Credit Card,D75
2025-04-10 14:12:35,51.5,Credit Card,D33
2025-04-10 14:12:19,100.0,ACH,D68
2025-04-09 14:11:14,103.0,Credit Card,D124
2025-04-08 14:11:31,100.0,ACH,D56
2025-04-08 09:00:00,500.0,Check,D62
2025-04-07 14:12:18,257.5,Credit Card,D40
2025-04-07 14:12:17,61.8,Credit Card,D99
2025-04-07 14:12:13,25.75,Credit Card,D79
2025-04-07 14:12:11,515.0,Credit Card,D65
2025-04-06 14:12:55,100.0,ACH,D59
2025-04-06 14:12:55,100.0,ACH,D105
2025-04-06 14:12:54,50.0,ACH,D84
2025-04-05 14:13:10,100.0,ACH,D81
2025-04-05 14:12:58,25.0,ACH,D96
2025-04-05 14:12:35,10.3,Credit Card,D30
2025-04-05 14:12:21,10.3,ACH,D53
2025-04-04 14:12:08,75.0,Credit Card,D22
2025-04-03 14:11:34,103.0,ACH,D17
2025-04-02 14:12:35,154.5,Credit Card,D29
2025-04-02 14:12:26,50.0,Credit Card,D58
2025-04-01 14:22:26,100.0,ACH,D27
2025-04-01 14:21:17,75.0,ACH,D60
2025-04-01 14:21:09,100.0,ACH,D7
2025-04-01 14:21:07,50.0,Credit Card,D109
2025-04-01 14:21:06,150.0,Credit Card,D135
2025-04-01 14:20:59,103.0,Credit Card,D52
2025-04-01 14:20:58,51.5,Credit Card,D80
2025-04-01 14:20:58,200.0,Credit Card,D34
2025-04-01 14:20:57,51.5,Credit Card,D133
2025-04-01 14:20:56,80.0,ACH,D70
2025-04-01 14:20:52,100.0,ACH,D118
2025-04-01 14:20:52,100.0,Credit Card,D57
2025-04-01 14:20:44,100.0,Credit Card,D42
2025-04-01 14:20:38,100.0,ACH,D71
2025-04-01 14:20:34,100.0,ACH,D10
2025-04-01 14:20:10,100.0,ACH,D95
2025-04-01 14:20:02,50.0,ACH,D113
2025-04-01 14:19:56,100.0,ACH,D97
2025-04-01 14:19:37,51.5,Credit Card,D102
2025-03-29 14:11:04,50.0,Credit Card,D43
2025-03-28 14:13:05,100.0,ACH,D44
2025-03-28 14:12:45,214.97,Credit Card,D45
2025-03-26 14:11:07,103.0,Credit Card,D67
2025-03-26 14:11:03,206.0,Credit Card,D134
2025-03-25 14:13:50,300.0,ACH,D56
2025-03-25 14:11:35,206.0,Credit Card,D32
2025-03-25 14:11:30,515.0,ACH,D64
2025-03-24 14:11:42,128.75,Credit Card,D115
2025-03-24 14:11:42,100.0,Credit Card,D6
2025-03-20 14:12:08,50.0,ACH,D50
2025-03-20 14:12:08,25.0,ACH,D54
2025-03-20 14:11:55,206.0,Credit Card,D117
2025-03-20 14:11:54,100.0,ACH,D131
2025-03-19 14:11:13,100.0,Credit Card,D72
2025-03-18 14:11:13,50.0,ACH,D25
2025-03-18 14:11:08,150.0,Credit Card,D116
2025-03-17 14:11:57,100.0,Credit Card,D74
2025-03-17 14:11:52,100.0,ACH,D125
2025-03-17 14:11:52,100.0,Credit Card,D82
2025-03-17 14:11:50,30.9,ACH,D107
2025-03-16 14:13:59,50.0,Credit Card,D93
2025-03-16 14:13:59,77.25,Credit Card,D21
2025-03-16 14:13:55,51.5,ACH,D12
2025-03-15 14:17:45,125.0,ACH,D92
2025-03-15 14:16:18,100.0,ACH,D2
2025-03-15 14:16:18,154.5,Credit Card,D11
2025-03-15 14:16:07,100.0,ACH,D108
2025-03-15 14:15:59,250.0,Credit Card,D121
2025-03-15 14:15:56,51.5,Credit Card,D66
2025-03-15 14:15:43,250.0,ACH,D126
2025-03-13 14:11:00,100.0,ACH,D100
2025-03-13 14:10:57,100.0,Credit Card,D41
2025-03-12 14:11:03,100.0,Credit Card,D0
2025-03-10 14:13:24,51.5,Credit Card,D33
2025-03-10 14:13:00,100.0,ACH,D68
2025-03-10 09:00:00,500.0,Check,D62
2025-03-09 14:12:54,103.0,Credit Card,D124
2025-03-08 13:11:35,77.25,ACH,D56
2025-03-07 13:14:51,75.0,Credit Card,D75
2025-03-07 13:12:32,257.5,Credit Card,D40
2025-03-07 13:12:31,61.8,Credit Card,D99
2025-03-07 13:12:27,25.75,Credit Card,D79
2025-03-07 13:12:25,515.0,Credit Card,D65
2025-03-06 13:11:30,100.0,ACH,D59
2025-03-06 13:11:30,100.0,ACH,D105
2025-03-06 13:11:29,50.0,ACH,D84
2025-03-05 13:13:05,100.0,ACH,D81
2025-03-05 13:12:52,25.0,ACH,D96
2025-03-05 13:12:29,10.3,Credit Card,D30
2025-03-05 13:12:16,10.3,ACH,D53
2025-03-04 13:11:24,75.0,Credit Card,D22
2025-03-03 13:12:17,103.0,ACH,D17
2025-03-02 13:14:16,154.5,Credit Card,D29
2025-03-02 13:14:06,50.0,Credit Card,D58
2025-03-01 13:23:23,100.0,ACH,D27
2025-03-01 13:22:12,75.0,ACH,D60
2025-03-01 13:22:03,100.0,ACH,D7
2025-03-01 13:22:00,50.0,Credit Card,D109
2025-03-01 13:21:59,150.0,Credit Card,D135
2025-03-01 13:21:53,103.0,Credit Card,D52
2025-03-01 13:21:52,51.5,Credit Card,D80
2025-03-01 13:21:52,200.0,Credit Card,D34
2025-03-01 13:21:51,51.5,Credit Card,D133
2025-03-01 13:21:50,80.0,ACH,D70
2025-03-01 13:21:45,100.0,ACH,D118
2025-03-01 13:21:44,100.0,Credit Card,D57
2025-03-01 13:21:37,100.0,Credit Card,D42
2025-03-01 13:21:30,100.0,ACH,D71
2025-03-01 13:21:27,100.0,ACH,D10
2025-03-01 13:21:03,100.0,ACH,D95
2025-03-01 13:20:54,50.0,ACH,D113
2025-03-01 13:20:49,100.0,ACH,D97
2025-03-01 13:20:29,51.5,Credit Card,D102
2025-02-28 13:14:57,100.0,ACH,D44
2025-02-28 13:14:25,214.97,Credit Card,D45
2025-02-28 13:14:05,50.0,Credit Card,D43
2025-02-26 13:11:05,103.0,Credit Card,D67
2025-02-26 13:11:01,206.0,Credit Card,D134
2025-02-25 13:11:35,206.0,Credit Card,D32
2025-02-25 13:11:30,515.0,ACH,D64
2025-02-24 13:11:41,128.75,Credit Card,D115
2025-02-24 13:11:41,100.0,Credit Card,D6
2025-02-20 13:12:17,50.0,ACH,D50
2025-02-20 13:12:16,25.0,ACH,D54
2025-02-20 13:12:02,206.0,Credit Card,D117
2025-02-20 13:12:01,100.0,ACH,D131
2025-02-19 13:11:05,100.0,Credit Card,D72
2025-02-18 13:11:17,50.0,ACH,D25
2025-02-18 13:11:12,150.0,Credit Card,D116
2025-02-17 13:12:00,100.0,Credit Card,D74
2025-02-17 13:11:56,100.0,ACH,D125
2025-02-17 13:11:55,100.0,Credit Card,D82
2025-02-17 13:11:53,30.9,ACH,D107
2025-02-16 13:13:59,50.0,Credit Card,D93
2025-02-16 13:13:59,77.25,Credit Card,D21
2025-02-16 13:13:55,51.5,ACH,D12
2025-02-15 13:17:53,125.0,ACH,D92
2025-02-15 13:16:24,100.0,ACH,D2
2025-02-15 13:16:23,154.5,Credit Card,D11
2025-02-15 13:16:12,100.0,ACH,D108
2025-02-15 13:16:04,250.0,Credit Card,D121
2025-02-15 13:16:01,51.5,Credit Card,D66
2025-02-15 13:15:48,250.0,ACH,D126
2025-02-14 13:13:54,75.0,Credit Card,D75
2025-02-13 13:11:02,100.0,ACH,D100
2025-02-13 13:10:59,100.0,Credit Card,D41
2025-02-12 13:11:04,100.0,Credit Card,D0
2025-02-11 09:00:00,500.0,Check,D62
2025-02-10 13:13:54,51.5,Credit Card,D33
2025-02-10 13:13:29,100.0,ACH,D68
2025-02-09 13:12:49,103.0,Credit Card,D124
2025-02-08 13:11:38,77.25,ACH,D56
2025-02-07 13:12:31,257.5,Credit Card,D40
2025-02-07 13:12:30,61.8,Credit Card,D99
2025-02-07 13:12:26,25.75,Credit Card,D79
2025-02-07 13:12:24,515.0,Credit Card,D65
2025-02-06 13:11:35,100.0,ACH,D59
2025-02-06 13:11:34,100.0,ACH,D105
2025-02-06 13:11:33,50.0,ACH,D84
2025-02-05 13:13:16,100.0,ACH,D81
2025-02-05 13:13:01,25.0,ACH,D96
2025-02-05 13:12:37,10.3,Credit Card,D30
2025-02-05 13:12:23,10.3,ACH,D53
2025-02-04 13:11:30,75.0,Credit Card,D22
2025-02-03 13:12:39,103.0,ACH,D17
2025-02-02 13:14:16,154.5,Credit Card,D29
2025-02-02 13:14:07,50.0,Credit Card,D58
2025-02-01 13:23:24,100.0,ACH,D27
2025-02-01 13:22:12,75.0,ACH,D60
2025-02-01 13:22:03,100.0,ACH,D7
2025-02-01 13:22:00,50.0,Credit Card,D109
2025-02-01 13:22:00,150.0,Credit Card,D135
2025-02-01 13:21:53,103.0,Credit Card,D52
2025-02-01 13:21:52,51.5,Credit Card,D80
2025-02-01 13:21:52,200.0,Credit Card,D34
2025-02-01 13:21:51,51.5,Credit Card,D133
2025-02-01 13:21:50,80.0,ACH,D70
2025-02-01 13:21:45,100.0,ACH,D118
2025-02-01 13:21:45,100.0,Credit Card,D57
2025-02-01 13:21:37,100.0,Credit Card,D42
2025-02-01 13:21:31,100.0,ACH,D71
2025-02-01 13:21:27,100.0,ACH,D10
2025-02-01 13:21:02,100.0,ACH,D95
2025-02-01 13:20:54,50.0,ACH,D113
2025-02-01 13:20:47,100.0,ACH,D97
2025-02-01 13:20:27,51.5,Credit Card,D102
2025-01-29 13:11:01,50.0,Credit Card,D43
2025-01-28 13:12:27,100.0,ACH,D44
2025-01-28 13:12:09,214.97,Credit Card,D45
2025-01-26 13:12:56,103.0,Credit Card,D67
2025-01-26 13:12:52,206.0,Credit Card,D134
2025-01-25 13:11:54,206.0,Credit Card,D32
2025-01-25 13:11:48,515.0,ACH,D64
2025-01-24 13:12:09,128.75,Credit Card,D115
2025-01-24 13:12:08,100.0,Credit Card,D6
2025-01-20 13:13:32,50.0,ACH,D50
2025-01-20 13:13:32,25.0,ACH,D54
2025-01-20 13:13:12,206.0,Credit Card,D117
2025-01-20 13:13:11,100.0,ACH,D131
2025-01-19 13:13:09,100.0,Credit Card,D72
2025-01-19 13:12:59,103.0,Credit Card,D119
2025-01-18 13:11:27,50.0,ACH,D25
2025-01-18 13:11:22,150.0,Credit Card,D116
2025-01-17 13:12:27,100.0,Credit Card,D74
2025-01-17 13:12:21,100.0,ACH,D125
2025-01-17 13:12:21,100.0,Credit Card,D82
2025-01-17 13:12:18,30.9,ACH,D107
2025-01-16 13:12:46,100.0,ACH,D1
2025-01-16 13:12:46,50.0,Credit Card,D93
2025-01-16 13:12:45,77.25,Credit Card,D21
2025-01-16 13:12:41,51.5,ACH,D12
2025-01-15 18:10:24,125.0,ACH,D92
2025-01-15 18:08:39,100.0,ACH,D2
2025-01-15 18:08:38,154.5,Credit Card,D11
2025-01-15 18:08:26,100.0,ACH,D108
2025-01-15 18:08:17,250.0,Credit Card,D121
2025-01-15 18:08:14,51.5,Credit Card,D66
2025-01-15 18:07:59,250.0,ACH,D126
2025-01-13 13:11:58,100.0,ACH,D100
2025-01-13 13:11:55,100.0,Credit Card,D41
2025-01-12 13:12:56,100.0,Credit Card,D0
2025-01-11 13:11:50,51.5,Credit Card,D24
2025-01-10 13:18:13,75.0,Credit Card,D75
2025-01-10 13:14:24,51.5,Credit Card,D33
2025-01-10 13:13:57,100.0,ACH,D68
2025-01-09 13:11:23,103.0,Credit Card,D124
2025-01-08 13:11:36,77.25,ACH,D56
2025-01-07 13:11:55,257.5,Credit Card,D40
2025-01-07 13:11:55,61.8,Credit Card,D99
2025-01-07 13:11:50,25.75,Credit Card,D79
2025-01-07 13:11:48,515.0,Credit Card,D65
2025-01-07 09:00:00,500.0,Check,D62
2025-01-06 13:12:34,100.0,ACH,D59
2025-01-06 13:12:34,100.0,ACH,D105
2025-01-06 13:12:33,50.0,ACH,D84
2025-01-05 13:15:26,100.0,ACH,D81
2025-01-05 13:15:07,25.0,ACH,D96
2025-01-05 13:14:28,10.3,Credit Card,D30
2025-01-05 13:14:12,10.3,ACH,D53
2025-01-04 13:11:47,75.0,Credit Card,D22
2025-01-03 13:12:47,103.0,ACH,D17
2025-01-02 13:12:57,154.5,Credit Card,D29
2025-01-02 13:12:46,50.0,Credit Card,D58
2025-01-01 13:24:32,100.0,ACH,D27
2025-01-01 13:23:11,75.0,ACH,D60
2025-01-01 13:23:00,100.0,ACH,D7
2025-01-01 13:22:56,50.0,Credit Card,D109
2025-01-01 13:22:56,150.0,Credit Card,D135
2025-01-01 13:22:48,103.0,Credit Card,D52
2025-01-01 13:22:47,51.5,Credit Card,D80
2025-01-01 13:22:47,200.0,Credit Card,D34
2025-01-01 13:22:46,51.5,Credit Card,D133
2025-01-01 13:22:45,80.0,ACH,D70
2025-01-01 13:22:39,61.8,ACH,D37
2025-01-01 13:22:38,100.0,ACH,D118
2025-01-01 13:22:38,100.0,Credit Card,D57
2025-01-01 13:22:29,100.0,Credit Card,D42
2025-01-01 13:22:22,100.0,ACH,D71
2025-01-01 13:22:18,100.0,ACH,D10
2025-01-01 13:21:51,100.0,ACH,D95
2025-01-01 13:21:39,50.0,ACH,D113
2025-01-01 13:21:32,100.0,ACH,D97
2025-01-01 13:21:10,51.5,Credit Card,D102
2024-12-30 13:14:27,4000.0,Credit Card,D45
2024-12-29 13:13:03,50.0,Credit Card,D43
2024-12-28 13:12:44,100.0,ACH,D44
2024-12-28 13:12:26,214.97,Credit Card,D45
2024-12-26 13:11:18,103.0,Credit Card,D67
2024-12-26 13:11:13,206.0,Credit Card,D134
2024-12-25 13:11:41,206.0,Credit Card,D32
2024-12-25 13:11:36,515.0,ACH,D64
2024-12-24 13:11:19,128.75,Credit Card,D115
2024-12-24 13:11:19,100.0,Credit Card,D6
2024-12-20 13:13:16,50.0,ACH,D50
2024-12-20 13:13:15,25.0,ACH,D54
2024-12-20 13:12:56,206.0,Credit Card,D117
2024-12-20 13:12:56,100.0,ACH,D131
2024-12-19 13:11:19,100.0,Credit Card,D72
2024-12-19 13:11:14,103.0,Credit Card,D119
2024-12-18 13:12:14,1000.0,ACH,D138
2024-12-18 13:11:14,50.0,ACH,D25
2024-12-18 13:11:08,150.0,Credit Card,D116
2024-12-17 13:11:28,100.0,Credit Card,D74
2024-12-17 13:11:23,100.0,ACH,D125
2024-12-17 13:11:22,100.0,Credit Card,D82
2024-12-17 13:11:21,30.9,Credit Card,D107
2024-12-16 13:13:32,100.0,ACH,D1
2024-12-16 13:13:32,50.0,Credit Card,D93
2024-12-16 13:13:31,77.25,Credit Card,D21
2024-12-16 13:13:28,51.5,ACH,D12
2024-12-15 13:22:22,125.0,ACH,D92
2024-12-15 13:19:59,100.0,ACH,D2
2024-12-15 13:19:58,154.5,Credit Card,D11
2024-12-15 13:19:41,100.0,ACH,D108
2024-12-15 13:19:30,250.0,Credit Card,D121
2024-12-15 13:19:26,51.5,Credit Card,D66
2024-12-15 13:19:09,250.0,ACH,D126
2024-12-13 13:12:12,100.0,ACH,D100
2024-12-13 13:12:08,100.0,Credit Card,D41
2024-12-12 13:11:12,100.0,Credit Card,D0
2024-12-11 13:11:30,51.5,Credit Card,D24
2024-12-10 13:15:29,75.0,Credit Card,D75
2024-12-10 13:13:21,51.5,Credit Card,D33
2024-12-10 13:13:00,100.0,ACH,D68
2024-12-09 13:12:21,103.0,Credit Card,D124
2024-12-09 09:00:00,500.0,Check,D62
2024-12-08 13:13:23,77.25,ACH,D56
2024-12-07 13:12:07,25.75,Credit Card,D110
2024-12-07 13:12:06,257.5,Credit Card,D40
2024-12-07 13:12:05,61.8,Credit Card,D99
2024-12-07 13:12:00,25.75,Credit Card,D79
2024-12-07 13:11:58,515.0,Credit Card,D65
2024-12-06 13:12:42,100.0,ACH,D59
2024-12-06 13:12:42,100.0,ACH,D105
2024-12-06 13:12:40,50.0,ACH,D84
2024-12-05 13:13:24,100.0,ACH,D81
2024-12-05 13:13:09,25.0,ACH,D96
2024-12-05 13:12:42,10.3,Credit Card,D30
2024-12-05 13:12:27,10.3,ACH,D53
2024-12-05 13:10:03,75.0,Credit Card,D22
2024-12-03 13:11:59,103.0,ACH,D17
2024-12-02 13:13:39,154.5,Credit Card,D29
2024-12-02 13:13:29,50.0,Credit Card,D58
2024-12-01 13:27:57,100.0,ACH,D27
2024-12-01 13:26:14,75.0,ACH,D60
2024-12-01 13:26:00,100.0,ACH,D7
2024-12-01 13:25:57,100.0,Credit Card,D109
2024-12-01 13:25:57,150.0,Credit Card,D135
2024-12-01 13:25:48,103.0,Credit Card,D52
2024-12-01 13:25:47,51.5,Credit Card,D80
2024-12-01 13:25:47,200.0,Credit Card,D34
2024-12-01 13:25:46,51.5,Credit Card,D133
2024-12-01 13:25:45,80.0,ACH,D70
2024-12-01 13:25:39,61.8,ACH,D37
2024-12-01 13:25:38,100.0,ACH,D118
2024-12-01 13:25:38,100.0,Credit Card,D57
2024-12-01 13:25:29,100.0,Credit Card,D42
2024-12-01 13:25:21,100.0,ACH,D71
2024-12-01 13:25:17,100.0,ACH,D10
2024-12-01 13:24:47,100.0,ACH,D95
2024-12-01 13:24:35,50.0,ACH,D113
2024-12-01 13:24:28,100.0,ACH,D97
2024-12-01 13:23:53,51.5,Credit Card,D102
2024-11-29 13:12:08,50.0,Credit Card,D43
2024-11-28 13:12:30,100.0,ACH,D44
2024-11-28 13:12:12,214.97,Credit Card,D45
2024-11-26 13:11:21,103.0,Credit Card,D67
2024-11-26 13:11:16,206.0,Credit Card,D134
2024-11-25 13:12:34,206.0,Credit Card,D32
2024-11-25 13:12:29,515.0,ACH,D64
2024-11-24 13:13:03,128.75,Credit Card,D115
2024-11-24 13:13:02,100.0,Credit Card,D6
2024-11-20 13:12:23,50.0,ACH,D50
2024-11-20 13:12:23,25.0,ACH,D54
2024-11-20 13:12:06,206.0,Credit Card,D117
2024-11-20 13:12:06,100.0,ACH,D131
2024-11-19 13:11:27,100.0,Credit Card,D72
2024-11-19 13:11:22,103.0,Credit Card,D119
2024-11-18 13:12:04,50.0,ACH,D25
2024-11-18 13:11:58,150.0,Credit Card,D116
2024-11-17 13:13:21,100.0,Credit Card,D74
2024-11-17 13:13:15,100.0,ACH,D125
2024-11-17 13:13:14,100.0,Credit Card,D82
2024-11-17 13:13:12,30.9,Credit Card,D107
2024-11-16 13:13:17,100.0,ACH,D1
2024-11-16 13:13:17,50.0,Credit Card,D93
2024-11-16 13:13:17,77.25,Credit Card,D21
2024-11-16 13:13:12,51.5,ACH,D12
2024-11-15 13:20:17,125.0,ACH,D92
2024-11-15 13:18:09,100.0,ACH,D2
2024-11-15 13:18:08,154.5,Credit Card,D11
2024-11-15 13:17:57,100.0,ACH,D108
2024-11-15 13:17:45,250.0,Credit Card,D121
2024-11-15 13:17:41,51.5,Credit Card,D66
2024-11-15 13:17:25,250.0,ACH,D126
2024-11-13 13:11:10,100.0,ACH,D100
2024-11-13 13:11:07,100.0,Credit Card,D41
2024-11-12 13:11:19,100.0,Credit Card,D0
2024-11-11 13:12:20,51.5,Credit Card,D24
2024-11-11 09:00:00,500.0,Check,D62
2024-11-10 13:15:43,51.5,Credit Card,D33
2024-11-10 13:15:08,100.0,ACH,D68
2024-11-10 13:15:04,100.0,ACH,D38
2024-11-09 13:11:36,103.0,Credit Card,D124
2024-11-08 13:12:26,77.25,ACH,D56
2024-11-07 13:11:57,25.75,Credit Card,D110
2024-11-07 13:11:56,257.5,Credit Card,D40
2024-11-07 13:11:55,61.8,Credit Card,D99
2024-11-07 13:11:49,25.75,Credit Card,D79
2024-11-07 13:11:48,515.0,Credit Card,D65
2024-11-06 13:11:42,100.0,ACH,D59
2024-11-06 13:11:42,100.0,ACH,D105
2024-11-06 13:11:41,50.0,ACH,D84
2024-11-05 13:13:47,100.0,ACH,D81
2024-11-05 13:13:31,25.0,ACH,D96
2024-11-05 13:13:02,10.3,Credit Card,D30
2024-11-05 13:12:46,10.3,ACH,D53
2024-11-04 13:12:47,75.0,Credit Card,D22
2024-11-03 13:13:49,103.0,ACH,D17
2024-11-02 14:13:18,154.5,Credit Card,D29
2024-11-02 14:13:07,50.0,Credit Card,D58
2024-11-01 15:42:40,100.0,ACH,D27
2024-11-01 15:34:20,75.0,ACH,D60
2024-11-01 15:32:47,100.0,ACH,D7
2024-11-01 15:32:11,100.0,Credit Card,D109
2024-11-01 15:32:09,150.0,Credit Card,D135
2024-11-01 15:30:48,103.0,Credit Card,D52
2024-11-01 15:30:34,51.5,Credit Card,D80
2024-11-01 15:30:34,200.0,Credit Card,D34
2024-11-01 15:30:24,51.5,Credit Card,D133
2024-11-01 15:30:13,80.0,ACH,D70
2024-11-01 15:29:19,61.8,ACH,D37
2024-11-01 15:29:09,100.0,ACH,D118
2024-11-01 15:29:07,100.0,Credit Card,D57
2024-11-01 15:27:38,100.0,Credit Card,D42
2024-11-01 15:26:20,100.0,ACH,D71
2024-11-01 15:25:40,100.0,ACH,D10
2024-11-01 15:20:50,100.0,ACH,D95
2024-11-01 15:19:08,50.0,ACH,D113
2024-11-01 15:18:07,100.0,ACH,D97
2024-11-01 15:14:15,51.5,Credit Card,D102
2024-10-31 14:20:51,75.0,Credit Card,D75
2024-10-29 14:20:52,50.0,Credit Card,D43
2024-10-28 14:33:47,100.0,ACH,D44
2024-10-28 14:31:18,214.97,Credit Card,D45
2024-10-26 14:21:21,103.0,Credit Card,D67
2024-10-26 14:20:35,206.0,Credit Card,D134
2024-10-25 14:29:45,206.0,Credit Card,D32
2024-10-25 14:28:51,515.0,ACH,D64
2024-10-24 14:18:11,128.75,Credit Card,D115
2024-10-24 14:18:07,100.0,Credit Card,D6
2024-10-20 14:44:49,50.0,ACH,D50
2024-10-20 14:44:46,25.0,ACH,D54
2024-10-20 14:41:48,206.0,Credit Card,D117
2024-10-20 14:41:42,100.0,ACH,D131
2024-10-19 14:24:22,100.0,Credit Card,D72
2024-10-19 14:23:45,103.0,Credit Card,D119
2024-10-18 14:31:11,50.0,ACH,D25
2024-10-18 14:30:04,150.0,Credit Card,D116
2024-10-17 14:21:02,100.0,Credit Card,D74
2024-10-17 14:20:10,100.0,ACH,D125
2024-10-17 14:20:03,100.0,Credit Card,D82
2024-10-17 14:19:46,30.9,Credit Card,D107
2024-10-16 14:31:04,100.0,ACH,D1
2024-10-16 14:31:00,50.0,Credit Card,D93
2024-10-16 14:30:54,77.25,Credit Card,D21
2024-10-16 14:30:15,51.5,ACH,D12
2024-10-15 15:07:55,125.0,ACH,D92
2024-10-15 14:56:39,100.0,ACH,D2
2024-10-15 14:56:28,154.5,Credit Card,D11
2024-10-15 14:54:23,100.0,ACH,D108
2024-10-15 14:52:45,250.0,Credit Card,D121
2024-10-15 14:52:11,51.5,Credit Card,D66
2024-10-15 14:49:52,250.0,ACH,D126
2024-10-13 14:38:06,100.0,ACH,D100
2024-10-13 14:37:36,100.0,Credit Card,D41
2024-10-12 14:21:52,100.0,Credit Card,D0
2024-10-11 14:30:17,51.5,Credit Card,D24
2024-10-10 14:27:58,75.0,Credit Card,D75
2024-10-10 14:24:28,51.5,Credit Card,D33
2024-10-10 14:21:52,100.0,ACH,D68
2024-10-10 14:21:04,100.0,ACH,D38
2024-10-09 14:18:48,103.0,Credit Card,D124
2024-10-08 14:20:58,77.25,ACH,D56
2024-10-07 14:47:16,10000.0,Credit Card,D46
2024-10-07 14:34:42,25.75,Credit Card,D110
2024-10-07 14:34:27,257.5,Credit Card,D40
2024-10-07 14:34:22,61.8,Credit Card,D99
2024-10-07 14:33:34,25.75,Credit Card,D79
2024-10-07 14:33:18,515.0,Credit Card,D65
2024-10-07 09:00:00,500.0,Check,D62
2024-10-06 14:40:08,100.0,ACH,D59
2024-10-06 14:39:53,50.0,ACH,D84
2024-10-05 14:34:13,100.0,ACH,D81
2024-10-03 14:24:12,103.0,ACH,D17
2024-10-02 14:26:03,50.0,Credit Card,D58
2024-10-01 15:33:52,100.0,ACH,D27
2024-10-01 15:26:33,75.0,ACH,D60
2024-10-01 15:25:09,100.0,ACH,D7
2024-10-01 15:23:20,103.0,Credit Card,D52
2024-10-01 15:23:06,51.5,Credit Card,D80
2024-10-01 15:23:06,200.0,Credit Card,D34
2024-10-01 15:22:57,51.5,Credit Card,D133
2024-10-01 15:22:46,80.0,ACH,D70
2024-10-01 15:22:45,103.0,Credit Card,D3
2024-10-01 15:20:10,100.0,Credit Card,D42
2024-10-01 15:18:55,100.0,ACH,D71
2024-10-01 15:13:33,100.0,ACH,D95
2024-10-01 15:07:36,51.5,Credit Card,D102
2024-09-28 14:26:21,100.0,ACH,D44
2024-09-28 14:24:28,214.97,Credit Card,D45
2024-09-26 14:19:28,206.0,Credit Card,D134
2024-09-24 14:20:33,128.75,Credit Card,D115
2024-09-24 14:20:29,100.0,Credit Card,D6
2024-09-20 14:34:30,50.0,ACH,D50
2024-09-20 14:34:28,25.0,ACH,D54
2024-09-19 14:20:34,100.0,Credit Card,D72
2024-09-18 14:19:31,50.0,ACH,D25
2024-09-17 14:27:08,75.0,Apple Pay,D132
2024-09-17 14:22:29,100.0,Credit Card,D74
2024-09-17 14:21:35,100.0,ACH,D125
2024-09-17 14:21:29,100.0,Credit Card,D82
2024-09-17 14:21:08,30.9,Credit Card,D107
2024-09-16 14:42:41,100.0,ACH,D1
2024-09-16 14:42:32,103.0,Credit Card,D119
2024-09-16 14:41:51,51.5,ACH,D12
2024-09-15 15:38:45,125.0,ACH,D92
2024-09-15 15:22:07,100.0,ACH,D2
2024-09-15 15:19:45,100.0,ACH,D108
2024-09-15 15:18:04,250.0,Credit Card,D121
2024-09-13 14:32:03,100.0,Credit Card,D41
2024-09-11 14:21:15,51.5,Credit Card,D24
2024-09-10 14:28:44,300.0,ACH,D138
2024-09-10 14:25:58,51.5,Credit Card,D33
2024-09-10 14:22:40,100.0,ACH,D38
2024-09-09 14:31:43,103.0,Credit Card,D124
2024-09-08 14:43:30,77.25,ACH,D56
2024-09-07 14:29:43,257.5,Credit Card,D40
2024-09-07 14:28:33,25.75,Credit Card,D79
2024-09-06 14:32:41,100.0,ACH,D59
2024-09-06 14:32:25,50.0,ACH,D84
2024-09-05 14:31:33,100.0,ACH,D81
2024-09-03 14:26:39,103.0,ACH,D17
2024-09-03 09:00:00,500.0,Check,D62
2024-09-02 14:38:27,50.0,Credit Card,D58
2024-09-01 16:28:16,100.0,ACH,D27
2024-09-01 16:15:46,75.0,ACH,D60
2024-09-01 16:13:22,100.0,ACH,D7
2024-09-01 16:11:05,103.0,Credit Card,D52
2024-09-01 16:10:48,51.5,Credit Card,D80
2024-09-01 16:10:48,200.0,Credit Card,D34
2024-09-01 16:10:36,51.5,Credit Card,D133
2024-09-01 16:10:22,80.0,ACH,D70
2024-09-01 16:10:21,103.0,Credit Card,D3
2024-09-01 16:06:59,100.0,Credit Card,D42
2024-09-01 16:05:21,100.0,ACH,D71
2024-09-01 15:58:22,100.0,ACH,D95
2024-09-01 15:50:24,51.5,Credit Card,D102
2024-08-30 14:42:20,75.0,Credit Card,D75
2024-08-28 14:24:27,100.0,ACH,D44
2024-08-28 14:23:01,214.97,Credit Card,D45
2024-08-26 14:29:00,206.0,Credit Card,D134
2024-08-24 14:25:49,128.75,Credit Card,D115
2024-08-24 14:25:44,100.0,Credit Card,D6
2024-08-20 14:29:23,50.0,ACH,D50
2024-08-20 14:29:19,25.0,ACH,D54
2024-08-20 14:27:33,51.5,ACH,D25
2024-08-19 14:34:21,100.0,Credit Card,D72
2024-08-17 14:27:54,100.0,Credit Card,D74
2024-08-17 14:26:42,100.0,ACH,D125
2024-08-17 14:26:36,100.0,Credit Card,D82
2024-08-17 14:26:12,30.9,Credit Card,D107
2024-08-16 14:54:34,100.0,ACH,D1
2024-08-16 14:54:24,103.0,Credit Card,D119
2024-08-16 14:53:27,51.5,ACH,D12
2024-08-15 15:18:50,125.0,ACH,D92
2024-08-15 15:06:51,100.0,ACH,D2
2024-08-15 15:04:19,100.0,ACH,D108
2024-08-15 15:02:32,250.0,Credit Card,D121
2024-08-13 14:19:24,100.0,Credit Card,D41
2024-08-12 09:00:00,500.0,Check,D62
2024-08-11 14:40:33,51.5,Credit Card,D24
2024-08-10 14:29:44,51.5,Credit Card,D33
2024-08-10 14:25:57,100.0,ACH,D90
2024-08-10 14:25:29,100.0,ACH,D38
2024-08-09 14:28:26,103.0,Credit Card,D124
2024-08-08 14:22:29,77.25,ACH,D56
2024-08-07 14:25:45,257.5,Credit Card,D40
2024-08-07 14:24:45,25.75,Credit Card,D79
2024-08-06 14:22:01,100.0,ACH,D59
2024-08-06 14:21:47,50.0,ACH,D84
2024-08-03 14:28:17,103.0,ACH,D17
2024-08-02 14:34:07,50.0,Credit Card,D58
2024-08-01 15:38:23,100.0,ACH,D27
2024-08-01 15:30:35,75.0,ACH,D60
2024-08-01 15:29:09,100.0,ACH,D7
2024-08-01 15:27:18,103.0,Credit Card,D52
2024-08-01 15:27:04,51.5,Credit Card,D80
2024-08-01 15:27:04,200.0,Credit Card,D34
2024-08-01 15:26:55,51.5,Credit Card,D133
2024-08-01 15:26:42,80.0,ACH,D70
2024-08-01 15:26:41,103.0,Credit Card,D3
2024-08-01 15:24:04,100.0,Credit Card,D42
2024-08-01 15:22:46,100.0,ACH,D71
2024-08-01 15:19:23,154.5,Credit Card,D137
2024-08-01 15:17:26,100.0,ACH,D95
2024-08-01 15:11:42,51.5,Credit Card,D102
2024-07-30 14:22:24,100.0,ACH,D39
2024-07-29 14:34:20,75.0,Credit Card,D75
2024-07-28 14:46:44,100.0,ACH,D44
2024-07-28 14:43:01,214.97,Credit Card,D45
2024-07-26 14:33:06,206.0,Credit Card,D134
2024-07-24 14:20:29,128.75,Credit Card,D115
2024-07-24 14:20:25,100.0,Credit Card,D6
2024-07-20 14:31:21,50.0,ACH,D50
2024-07-20 14:31:18,25.0,ACH,D54
2024-07-20 14:29:29,51.5,ACH,D25
2024-07-19 14:30:29,100.0,Credit Card,D72
2024-07-17 14:21:40,100.0,Credit Card,D74
2024-07-17 14:20:45,100.0,ACH,D125
2024-07-17 14:20:39,100.0,Credit Card,D82
2024-07-17 14:20:22,30.9,Credit Card,D107
2024-07-16 14:31:24,100.0,ACH,D1
2024-07-16 14:31:13,103.0,Credit Card,D119
2024-07-16 14:30:34,51.5,ACH,D12
2024-07-15 15:15:13,100.0,ACH,D2
2024-07-15 15:13:10,100.0,ACH,D108
2024-07-15 15:11:34,250.0,Credit Card,D121
2024-07-13 14:22:06,100.0,Credit Card,D41
2024-07-12 14:30:46,125.0,Credit Card,D92
2024-07-11 14:20:52,51.5,Credit Card,D24
2024-07-10 14:25:25,51.5,Credit Card,D33
2024-07-10 14:22:08,100.0,ACH,D90
2024-07-10 14:21:40,100.0,ACH,D38
2024-07-09 14:21:18,103.0,Credit Card,D124
2024-07-08 14:29:49,77.25,ACH,D56
2024-07-07 14:44:43,257.5,Credit Card,D40
2024-07-07 14:43:46,25.75,Credit Card,D79
2024-07-06 14:23:51,100.0,ACH,D59
2024-07-06 14:23:37,50.0,ACH,D84
2024-07-03 14:27:58,103.0,ACH,D17
2024-07-02 14:27:46,50.0,Credit Card,D58
2024-07-01 16:07:29,75.0,Credit Card,D75
2024-07-01 15:57:30,75.0,ACH,D60
2024-07-01 15:55:35,100.0,ACH,D7
2024-07-01 15:53:30,103.0,Credit Card,D52
2024-07-01 15:53:16,200.0,Credit Card,D34
2024-07-01 15:53:16,51.5,Credit Card,D80
2024-07-01 15:53:06,51.5,Credit Card,D133
2024-07-01 15:52:52,80.0,ACH,D70
2024-07-01 15:52:50,103.0,Credit Card,D3
2024-07-01 15:49:38,100.0,Credit Card,D42
2024-07-01 15:48:06,100.0,ACH,D71
2024-07-01 15:44:00,154.5,Credit Card,D137
2024-07-01 15:41:46,100.0,ACH,D95
2024-07-01 15:33:33,51.5,Credit Card,D102
2024-07-01 09:00:00,1200.0,Check,D19
2024-06-30 14:51:05,2500.0,ACH,D133
2024-06-30 14:44:09,100.0,ACH,D39
2024-06-28 14:42:43,100.0,ACH,D44
2024-06-28 14:42:42,600.0,ACH,D130
2024-06-28 14:42:27,103.0,Credit Card,D63
2024-06-28 14:38:29,214.97,Credit Card,D45
2024-06-26 14:21:28,206.0,Credit Card,D134
2024-06-24 14:33:40,128.75,Credit Card,D115
2024-06-24 14:33:36,100.0,Credit Card,D6
2024-06-20 14:29:09,50.0,ACH,D50
2024-06-20 14:29:04,25.0,ACH,D54
2024-06-20 14:26:50,51.5,ACH,D25
2024-06-19 14:22:37,100.0,Credit Card,D72
2024-06-17 14:37:33,100.0,Credit Card,D74
2024-06-17 14:36:14,100.0,ACH,D125
2024-06-17 14:36:07,100.0,Credit Card,D82
2024-06-17 14:35:41,30.9,Credit Card,D107
2024-06-16 15:03:05,100.0,ACH,D1
2024-06-16 15:02:53,103.0,Credit Card,D119
2024-06-16 15:01:55,51.5,Credit Card,D12
2024-06-16 15:01:18,41.2,Credit Card,D4
2024-06-15 15:11:34,100.0,ACH,D2
2024-06-15 15:08:45,100.0,ACH,D108
2024-06-15 15:06:46,250.0,Credit Card,D121
2024-06-13 14:22:06,100.0,Credit Card,D41
2024-06-12 14:21:39,125.0,Credit Card,D92
2024-06-11 14:23:35,51.5,Credit Card,D24
2024-06-10 14:41:18,100.0,ACH,D90
2024-06-10 14:40:46,100.0,ACH,D38
2024-06-09 14:43:04,103.0,Credit Card,D124
2024-06-08 14:24:54,77.25,ACH,D56
2024-06-07 14:39:57,257.5,Credit Card,D40
2024-06-07 14:38:47,25.75,Credit Card,D79
2024-06-06 14:23:38,100.0,ACH,D59
2024-06-06 14:23:21,50.0,ACH,D84
2024-06-03 14:40:26,103.0,ACH,D17
2024-06-02 14:50:04,50.0,Credit Card,D58
2024-06-01 15:56:48,75.0,ACH,D60
2024-06-01 15:54:27,100.0,ACH,D7
2024-06-01 15:51:54,103.0,Credit Card,D52
2024-06-01 15:51:36,51.5,Credit Card,D80
2024-06-01 15:51:36,100.0,Credit Card,D34
2024-06-01 15:51:22,51.5,Credit Card,D133
2024-06-01 15:51:06,80.0,ACH,D70
2024-06-01 15:51:05,103.0,Credit Card,D3
2024-06-01 15:47:35,100.0,Credit Card,D42
2024-06-01 15:45:49,100.0,ACH,D71
2024-06-01 15:41:14,154.5,Credit Card,D137
2024-06-01 15:40:27,100.0,Credit Card,D73
2024-06-01 15:38:37,100.0,ACH,D95
2024-06-01 15:30:31,51.5,Credit Card,D102
2024-05-30 14:23:28,75.0,Credit Card,D75
2024-05-30 14:21:37,100.0,ACH,D39
2024-05-28 14:29:31,214.97,Credit Card,D45
2024-05-26 14:47:19,206.0,Credit Card,D134
2024-05-24 14:33:54,128.75,Credit Card,D115
2024-05-24 14:33:50,100.0,Credit Card,D6
2024-05-20 14:37:57,51.5,ACH,D25
2024-05-17 17:57:26,100.0,ACH,D125
2024-05-17 17:56:50,100.0,Credit Card,D74
2024-05-17 17:56:14,100.0,Credit Card,D82
2024-05-17 17:55:24,30.9,Credit Card,D107
2024-05-16 17:50:28,100.0,ACH,D1
2024-05-16 17:49:30,41.2,Credit Card,D4
2024-05-16 17:49:29,51.5,Credit Card,D12
2024-05-16 17:49:20,103.0,Credit Card,D119
2024-05-15 19:33:07,100.0,ACH,D108
2024-05-15 19:32:57,100.0,ACH,D2
2024-05-15 19:32:56,250.0,Credit Card,D121
2024-05-13 17:41:31,100.0,Credit Card,D41
2024-05-12 17:41:21,125.0,Credit Card,D92
2024-05-11 17:42:31,51.5,Credit Card,D24
2024-05-10 18:14:47,100.0,ACH,D38
2024-05-10 18:14:35,100.0,ACH,D90
2024-05-09 17:43:02,103.0,Credit Card,D124
2024-05-08 17:47:18,77.25,ACH,D56
2024-05-08 17:45:10,15.45,Credit Card,D102
2024-05-07 17:48:48,257.5,Credit Card,D40
2024-05-07 17:48:38,103.0,Credit Card,D72
2024-05-07 17:48:32,25.75,Credit Card,D79
2024-05-06 17:49:06,100.0,ACH,D59
2024-05-06 17:47:02,50.0,ACH,D84
2024-05-03 18:04:45,103.0,ACH,D17
2024-05-03 15:56:49,1500.0,ACH,D104
2024-05-02 17:55:28,50.0,Credit Card,D58
2024-05-02 11:10:34,750.0,ACH,D106
2024-05-01 21:00:40,250.0,Credit Card,D123
2024-05-01 21:00:37,309.0,Credit Card,D138
2024-05-01 21:00:24,103.0,Credit Card,D3
2024-05-01 21:00:11,100.0,ACH,D7
2024-05-01 20:59:39,100.0,Credit Card,D42
2024-05-01 20:59:33,100.0,ACH,D95
2024-05-01 20:59:03,103.0,Credit Card,D52
2024-05-01 20:56:49,100.0,Credit Card,D73
2024-05-01 20:55:24,154.5,Credit Card,D137
2024-05-01 20:55:18,51.5,Credit Card,D133
2024-05-01 20:55:15,80.0,ACH,D70
2024-05-01 20:55:13,100.0,Credit Card,D34
2024-05-01 20:55:02,100.0,ACH,D71
2024-05-01 20:55:01,51.5,Credit Card,D80
2024-04-30 22:14:25,75.0,Credit Card,D75
2024-04-30 17:56:42,100.0,ACH,D39
2024-04-28 17:49:48,214.97,Credit Card,D45
2024-04-26 17:53:32,206.0,Credit Card,D134
2024-04-26 02:28:04,400.0,Credit Card,D92
2024-04-24 17:43:37,128.75,Credit Card,D115
2024-04-24 17:42:04,100.0,Credit Card,D6
2024-04-23 07:18:10,300.0,Credit Card,D42
2024-04-20 18:46:06,51.5,ACH,D25
2024-04-18 09:31:06,206.0,Credit Card,D77
2024-04-17 17:49:32,100.0,ACH,D125
2024-04-17 17:49:00,100.0,Credit Card,D74
2024-04-17 17:48:22,100.0,Credit Card,D82
2024-04-17 17:47:32,30.9,Credit Card,D107
2024-04-16 17:51:00,100.0,ACH,D1
2024-04-16 17:49:59,41.2,Credit Card,D4
2024-04-16 17:49:58,51.5,Credit Card,D12
2024-04-16 17:49:48,103.0,Credit Card,D119
2024-04-15 19:35:00,100.0,ACH,D108
2024-04-15 19:34:51,100.0,ACH,D2
2024-04-15 19:34:50,250.0,Credit Card,D121
2024-04-14 06:30:16,206.0,Credit Card,D3
2024-04-13 17:44:20,100.0,Credit Card,D41
2024-04-12 18:24:20,399.97,Credit Card,D45
2024-04-12 17:55:48,125.0,Credit Card,D92
2024-04-11 17:46:34,51.5,Credit Card,D24
2024-04-10 18:02:11,100.0,ACH,D38
2024-04-10 18:01:59,100.0,ACH,D90
2024-04-10 05:38:47,1000.0,Credit Card,D59
2024-04-09 17:40:30,103.0,Credit Card,D124
2024-04-08 17:44:50,15.45,Credit Card,D102
2024-04-08 17:44:45,77.25,Credit Card,D56
2024-04-07 17:46:05,257.5,Credit Card,D40
2024-04-07 17:45:56,103.0,Credit Card,D72
2024-04-07 17:45:50,25.75,Credit Card,D79
2024-04-06 17:45:25,50.0,ACH,D84
2024-04-06 07:49:48,500.0,ACH,D95
2024-04-06 00:46:22,1100.0,Credit Card,D85
2024-04-03 18:49:44,206.0,ACH,D17
2024-04-03 17:54:45,103.0,ACH,D17
2024-04-02 17:51:02,50.0,Credit Card,D58
2024-04-02 04:12:15,25.0,ACH,D47
2024-04-01 20:59:27,100.0,Credit Card,D42
2024-04-01 20:59:21,100.0,ACH,D95
2024-04-01 20:58:25,51.5,Credit Card,D89
2024-04-01 20:58:21,103.0,Credit Card,D52
2024-04-01 20:57:15,100.0,Credit Card,D73
2024-04-01 20:55:14,51.5,Credit Card,D80
2024-04-01 20:55:07,80.0,ACH,D70
2024-04-01 20:55:06,100.0,Credit Card,D34
2024-04-01 20:55:06,154.5,Credit Card,D137
2024-04-01 20:55:01,100.0,ACH,D71
2024-04-01 20:54:59,51.5,Credit Card,D133
2024-04-01 04:10:22,75.0,Credit Card,D75
2024-03-30 17:47:31,100.0,ACH,D39
2024-03-29 18:04:27,400.0,Credit Card,D45
2024-03-28 17:52:55,214.97,Credit Card,D45
2024-03-26 17:41:35,206.0,Credit Card,D134
2024-03-24 17:40:52,128.75,Credit Card,D115
2024-03-24 17:39:36,100.0,Credit Card,D6
2024-03-22 17:52:12,150.0,Credit Card,D23
2024-03-18 17:47:26,51.5,Credit Card,D25
2024-03-17 17:44:39,100.0,ACH,D125
2024-03-17 17:44:08,100.0,Credit Card,D74
2024-03-17 17:43:32,100.0,Credit Card,D82
2024-03-17 17:42:39,30.9,Credit Card,D107
2024-03-16 17:51:13,100.0,ACH,D1
2024-03-16 17:49:59,41.2,Credit Card,D4
2024-03-16 17:49:58,51.5,Credit Card,D12
2024-03-16 17:49:46,103.0,Credit Card,D119
2024-03-16 03:02:36,400.0,Credit Card,D45
2024-03-15 19:38:11,100.0,ACH,D108
2024-03-15 19:38:02,100.0,ACH,D2
2024-03-15 19:38:00,250.0,Credit Card,D121
2024-03-13 17:41:50,100.0,Credit Card,D41
2024-03-12 17:42:10,125.0,Credit Card,D92
2024-03-11 17:43:11,51.5,Credit Card,D24
2024-03-10 17:59:48,100.0,ACH,D38
2024-03-10 17:59:37,100.0,ACH,D90
2024-03-09 17:42:23,103.0,Credit Card,D124
2024-03-09 02:15:15,100.0,ACH,D71
2024-03-09 02:14:40,51.5,Credit Card,D133
2024-03-09 02:14:26,154.5,Credit Card,D137
2024-03-09 02:14:07,51.5,Credit Card,D80
2024-03-09 02:13:41,100.0,Credit Card,D34
2024-03-09 02:13:38,80.0,ACH,D70
2024-03-09 02:06:07,100.0,Credit Card,D73
2024-03-09 01:49:06,51.5,Credit Card,D89
2024-03-09 01:47:55,103.0,Credit Card,D52
2024-03-09 01:41:55,100.0,ACH,D95
2024-03-09 01:40:04,100.0,Credit Card,D42
2024-03-08 17:52:53,15.45,Credit Card,D102
2024-03-08 17:52:48,77.25,Credit Card,D56
2024-03-07 17:50:27,257.5,Credit Card,D40
2024-03-07 17:50:18,103.0,Credit Card,D72
2024-03-07 17:50:13,25.75,Credit Card,D79
2024-03-06 17:45:58,20.6,Credit Card,D5
2024-03-06 17:45:52,50.0,ACH,D84
2024-03-03 23:09:02,399.97,Credit Card,D45
2024-03-03 17:51:05,103.0,ACH,D17
2024-03-02 17:51:51,50.0,Credit Card,D58
2024-02-29 20:06:19,75.0,Credit Card,D75
2024-02-29 18:09:51,100.0,ACH,D39
2024-02-28 17:52:02,214.97,Credit Card,D45
2024-02-26 17:44:08,206.0,Credit Card,D134
2024-02-24 17:42:29,128.75,Credit Card,D115
2024-02-24 17:41:28,100.0,Credit Card,D6
2024-02-22 17:45:01,150.0,Credit Card,D23
2024-02-18 17:41:47,51.5,Credit Card,D25
2024-02-17 17:49:06,100.0,Credit Card,D74
2024-02-17 17:48:18,100.0,Credit Card,D82
2024-02-17 17:47:19,30.9,Credit Card,D107
2024-02-16 18:49:55,400.0,Credit Card,D45
2024-02-16 17:57:22,100.0,ACH,D1
2024-02-16 17:56:36,41.2,Credit Card,D4
2024-02-16 17:56:35,51.5,Credit Card,D12
2024-02-16 17:56:26,103.0,Credit Card,D119
2024-02-15 19:27:22,100.0,ACH,D108
2024-02-15 19:27:15,100.0,ACH,D2
2024-02-15 19:27:14,250.0,Credit Card,D121
2024-02-12 17:43:58,125.0,Credit Card,D92
2024-02-11 17:40:04,51.5,Credit Card,D24
2024-02-10 18:02:14,100.0,ACH,D38
2024-02-10 18:02:04,100.0,ACH,D90
2024-02-09 17:50:20,103.0,Credit Card,D124
2024-02-08 17:44:05,15.45,Credit Card,D102
2024-02-08 17:44:02,77.25,Credit Card,D56
2024-02-07 17:47:23,257.5,Credit Card,D40
2024-02-07 17:47:14,103.0,Credit Card,D72
2024-02-07 17:47:09,25.75,Credit Card,D79
2024-02-06 17:45:00,20.6,Credit Card,D5
2024-02-06 17:44:54,50.0,ACH,D84
2024-02-03 17:54:57,103.0,ACH,D17
2024-02-03 13:40:03,400.0,Credit Card,D45
2024-02-02 21:17:41,51.5,ACH,D47
2024-02-02 18:01:44,50.0,Credit Card,D58
2024-02-01 20:46:05,100.0,ACH,D95
2024-02-01 20:45:44,103.0,Credit Card,D52
2024-02-01 20:45:36,51.5,Credit Card,D89
2024-02-01 20:45:31,100.0,Credit Card,D42
2024-02-01 20:43:46,100.0,Credit Card,D73
2024-02-01 20:43:03,50.0,Credit Card,D87
2024-02-01 20:42:52,80.0,ACH,D70
2024-02-01 20:42:51,100.0,Credit Card,D34
2024-02-01 20:42:45,154.5,Credit Card,D137
2024-02-01 20:42:40,51.5,Credit Card,D80
2024-02-01 20:42:40,51.5,Credit Card,D133
2024-02-01 20:42:28,100.0,ACH,D71
2024-01-30 21:23:48,75.0,Credit Card,D75
2024-01-30 17:51:06,100.0,ACH,D39
2024-01-28 17:50:18,214.97,Credit Card,D45
2024-01-26 17:50:54,206.0,Credit Card,D134
2024-01-24 17:42:34,100.0,Credit Card,D6
2024-01-22 17:45:02,150.0,Credit Card,D23
2024-01-18 17:46:03,51.5,Credit Card,D25
2024-01-17 17:45:39,100.0,Credit Card,D74
2024-01-17 17:45:03,100.0,Credit Card,D82
2024-01-17 17:44:19,30.9,Credit Card,D107
2024-01-16 17:50:12,75.0,Credit Card,D75
2024-01-16 17:49:25,100.0,ACH,D1
2024-01-16 17:48:26,41.2,Credit Card,D4
2024-01-16 17:48:24,51.5,Credit Card,D12
2024-01-16 17:48:12,103.0,Credit Card,D119
2024-01-15 19:27:09,100.0,ACH,D108
2024-01-15 19:27:03,100.0,ACH,D2
2024-01-15 19:27:02,250.0,Credit Card,D121
2024-01-15 19:26:43,103.0,Credit Card,D3
2024-01-12 17:50:45,125.0,Credit Card,D92
2024-01-11 17:42:23,51.5,Credit Card,D24
2024-01-11 17:42:20,25.75,Credit Card,D54
2024-01-11 17:37:14,154.5,ACH,D47
2024-01-10 18:02:46,100.0,ACH,D38
2024-01-10 18:02:34,100.0,ACH,D90
2024-01-09 17:40:01,103.0,Credit Card,D124
2024-01-08 17:44:26,15.45,Credit Card,D102
2024-01-08 17:44:22,77.25,Credit Card,D56
2024-01-07 17:46:01,257.5,Credit Card,D40
2024-01-07 17:45:52,103.0,Credit Card,D72
2024-01-07 17:45:47,25.75,Credit Card,D79
2024-01-06 17:45:13,20.6,Credit Card,D5
2024-01-06 17:45:08,50.0,ACH,D84
2024-01-03 17:54:24,103.0,ACH,D17
2024-01-02 17:49:23,50.0,Credit Card,D58
2024-01-01 20:52:28,103.0,Credit Card,D52
2024-01-01 20:52:27,51.5,Credit Card,D89
2024-01-01 20:52:21,100.0,Credit Card,D42
2024-01-01 20:50:43,100.0,Credit Card,D73
2024-01-01 20:49:24,80.0,ACH,D70
2024-01-01 20:49:22,100.0,Credit Card,D34
2024-01-01 20:49:11,51.5,Credit Card,D80
2024-01-01 20:49:07,50.0,Credit Card,D87
2024-01-01 20:49:03,154.5,Credit Card,D137
2024-01-01 20:48:59,51.5,Credit Card,D133
2024-01-01 20:48:51,100.0,ACH,D95
2024-01-01 20:48:46,100.0,ACH,D71
2023-12-30 17:51:11,100.0,ACH,D39
2023-12-30 01:52:43,2000.0,ACH,D111
2023-12-28 17:52:30,115.0,Credit Card,D45
2023-12-26 17:41:22,206.0,Credit Card,D134
2023-12-26 04:18:37,25.0,Credit Card,D78
2023-12-24 17:38:53,100.0,Credit Card,D6
2023-12-22 17:52:27,150.0,Credit Card,D23
2023-12-20 18:02:52,103.0,ACH,D28
2023-12-18 17:45:04,51.5,Credit Card,D25
2023-12-17 17:43:54,100.0,Credit Card,D82
2023-12-17 17:43:08,30.9,Credit Card,D107
2023-12-16 17:48:43,100.0,ACH,D1
2023-12-16 17:47:55,41.2,Credit Card,D4
2023-12-16 17:47:54,51.5,Credit Card,D12
2023-12-16 17:47:45,103.0,Credit Card,D119
2023-12-15 19:39:32,100.0,ACH,D108
2023-12-15 19:39:25,100.0,ACH,D2
2023-12-15 19:39:24,250.0,Credit Card,D121
2023-12-15 19:39:05,103.0,Credit Card,D3
2023-12-13 17:42:50,75.0,Credit Card,D75
2023-12-12 17:44:04,125.0,Credit Card,D92
2023-12-11 17:44:47,51.5,Credit Card,D24
2023-12-11 17:44:42,25.75,Credit Card,D54
2023-12-10 18:02:56,100.0,ACH,D38
2023-12-10 18:02:44,100.0,ACH,D90
2023-12-09 18:04:12,103.0,Credit Card,D124
2023-12-08 17:54:16,15.45,Credit Card,D102
2023-12-08 17:54:13,77.25,Credit Card,D56
2023-12-07 17:55:09,257.5,Credit Card,D40
2023-12-07 17:55:00,103.0,Credit Card,D72
2023-12-07 17:53:05,50.0,Credit Card,D36
2023-12-06 17:45:03,20.6,Credit Card,D5
2023-12-06 17:44:57,50.0,ACH,D84
2023-12-03 17:52:19,103.0,ACH,D17
2023-12-02 17:52:57,50.0,Credit Card,D58
2023-12-01 21:00:00,103.0,Credit Card,D52
2023-12-01 20:59:56,100.0,Credit Card,D42
2023-12-01 20:59:29,51.5,Credit Card,D89
2023-12-01 20:58:00,100.0,Credit Card,D73
2023-12-01 20:57:04,51.5,Credit Card,D133
2023-12-01 20:57:01,80.0,ACH,D70
2023-12-01 20:56:59,100.0,Credit Card,D34
2023-12-01 20:56:52,100.0,ACH,D71
2023-12-01 20:56:51,50.0,Credit Card,D87
2023-12-01 20:56:49,51.5,Credit Card,D80
2023-12-01 20:56:42,154.5,Credit Card,D137
2023-12-01 20:56:30,100.0,ACH,D95
2023-11-30 18:00:41,100.0,ACH,D39
2023-11-28 17:53:07,115.0,Credit Card,D45
2023-11-27 17:43:33,50.0,Credit Card,D15
2023-11-26 17:41:17,206.0,Credit Card,D134
2023-11-24 17:51:15,100.0,Credit Card,D6
2023-11-23 17:42:16,50.0,Credit Card,D36
2023-11-22 17:43:01,150.0,Credit Card,D23
2023-11-20 18:05:37,103.0,ACH,D28
2023-11-18 17:43:25,51.5,Credit Card,D25
2023-11-17 17:55:21,100.0,Credit Card,D82
2023-11-17 17:54:32,30.9,Credit Card,D107
2023-11-16 17:49:35,100.0,ACH,D1
2023-11-16 17:48:31,41.2,Credit Card,D4
2023-11-16 17:48:30,51.5,Credit Card,D12
2023-11-16 17:48:20,103.0,Credit Card,D119
2023-11-15 19:25:19,100.0,ACH,D108
2023-11-15 19:25:09,250.0,Credit Card,D121
2023-11-15 19:25:09,100.0,ACH,D2
2023-11-15 19:24:36,103.0,Credit Card,D3
2023-11-14 17:42:48,75.0,Credit Card,D75
2023-11-12 17:42:59,125.0,Credit Card,D92
2023-11-11 17:41:34,25.75,Credit Card,D54
2023-11-10 18:13:38,100.0,ACH,D38
2023-11-10 18:13:26,100.0,ACH,D90
2023-11-09 17:43:56,103.0,Credit Card,D124
2023-11-09 17:42:30,50.0,Credit Card,D36
2023-11-08 17:42:47,15.45,Credit Card,D102
2023-11-08 17:42:43,77.25,Credit Card,D56
2023-11-07 17:48:06,257.5,Credit Card,D40
2023-11-07 17:47:56,103.0,Credit Card,D72
2023-11-06 17:46:47,20.6,Credit Card,D5
2023-11-06 17:46:38,50.0,ACH,D84
2023-11-03 18:05:08,103.0,ACH,D17
2023-11-02 17:50:30,50.0,Credit Card,D58
2023-11-01 20:40:04,103.0,Credit Card,D52
2023-11-01 20:39:55,100.0,Credit Card,D42
2023-11-01 20:39:41,51.5,Credit Card,D89
2023-11-01 20:37:59,100.0,Credit Card,D73
2023-11-01 20:36:51,80.0,ACH,D70
2023-11-01 20:36:49,100.0,Credit Card,D34
2023-11-01 20:36:38,40.0,Credit Card,D61
2023-11-01 20:36:38,100.0,ACH,D71
2023-11-01 20:36:36,51.5,Credit Card,D80
2023-11-01 20:36:32,50.0,Credit Card,D87
2023-11-01 20:36:26,154.5,Credit Card,D137
2023-11-01 20:36:21,51.5,Credit Card,D133
2023-11-01 20:36:13,100.0,ACH,D95
2023-10-31 17:35:07,200.0,ACH,D31
2023-10-30 17:53:24,100.0,ACH,D39
2023-10-28 17:50:57,115.0,Credit Card,D45
2023-10-27 17:50:26,50.0,Credit Card,D15
2023-10-26 17:42:49,206.0,Credit Card,D134
2023-10-26 17:41:40,50.0,Credit Card,D36
2023-10-24 17:40:21,100.0,Credit Card,D6
2023-10-22 17:41:43,150.0,Credit Card,D23
2023-10-20 18:13:26,103.0,ACH,D28
2023-10-18 17:44:19,51.5,Credit Card,D25
2023-10-17 17:43:14,100.0,Credit Card,D82
2023-10-17 17:42:22,30.9,Credit Card,D107
2023-10-16 17:50:24,100.0,ACH,D1
2023-10-16 17:49:15,41.2,Credit Card,D4
2023-10-16 17:49:14,51.5,Credit Card,D12
2023-10-16 17:49:04,103.0,Credit Card,D119
2023-10-15 19:17:45,100.0,ACH,D108
2023-10-15 19:17:39,100.0,ACH,D2
2023-10-15 19:17:38,250.0,Credit Card,D121
2023-10-15 19:17:15,103.0,Credit Card,D3
2023-10-13 17:51:41,75.0,Credit Card,D75
2023-10-12 17:41:45,125.0,Credit Card,D92
2023-10-12 17:40:21,50.0,Credit Card,D36
2023-10-10 18:00:32,100.0,ACH,D38
2023-10-10 18:00:17,100.0,ACH,D90
2023-10-09 17:40:26,103.0,Credit Card,D124
2023-10-08 17:40:00,15.45,Credit Card,D102
2023-10-08 17:39:56,77.25,Credit Card,D56
2023-10-07 18:40:26,103.0,Credit Card,D72
2023-10-07 18:37:50,257.5,Credit Card,D40
2023-10-07 18:31:05,25.75,Credit Card,D79
2023-10-06 17:53:59,20.6,Credit Card,D5
2023-10-06 17:53:43,50.0,ACH,D84
2023-10-03 17:53:02,103.0,ACH,D17
2023-10-02 17:51:43,50.0,Credit Card,D58
2023-10-01 20:42:05,100.0,Credit Card,D42
2023-10-01 20:41:27,100.0,Credit Card,D73
2023-10-01 20:40:16,80.0,ACH,D70
2023-10-01 20:40:16,103.0,Credit Card,D91
2023-10-01 20:40:13,100.0,Credit Card,D34
2023-10-01 20:40:09,40.0,Credit Card,D61
2023-10-01 20:40:04,50.0,Credit Card,D87
2023-10-01 20:40:01,51.5,Credit Card,D80
2023-10-01 20:39:59,154.5,Credit Card,D137
2023-10-01 20:39:53,51.5,Credit Card,D133
2023-10-01 20:39:40,100.0,ACH,D71
2023-10-01 20:39:35,100.0,ACH,D95
2023-09-30 18:04:32,100.0,ACH,D39
2023-09-30 18:04:07,200.0,ACH,D31
2023-09-28 17:56:43,115.0,Credit Card,D45
2023-09-28 17:53:57,50.0,Credit Card,D36
2023-09-27 17:41:50,50.0,Credit Card,D15
2023-09-26 17:46:51,206.0,Credit Card,D134
2023-09-24 17:38:20,100.0,Credit Card,D6
2023-09-22 17:52:34,150.0,Credit Card,D23
2023-09-20 18:03:17,103.0,ACH,D28
2023-09-18 17:44:15,51.5,Credit Card,D25
2023-09-17 17:41:40,100.0,Credit Card,D82
2023-09-17 17:40:55,30.9,Credit Card,D107
2023-09-16 17:47:44,100.0,ACH,D1
2023-09-16 17:46:35,41.2,Credit Card,D4
2023-09-16 17:46:34,51.5,Credit Card,D12
2023-09-16 17:46:24,103.0,Credit Card,D119
2023-09-15 19:38:30,103.0,Credit Card,D3
2023-09-15 19:38:30,100.0,ACH,D108
2023-09-15 19:38:24,100.0,ACH,D2
2023-09-15 19:38:23,250.0,Credit Card,D121
2023-09-14 17:41:14,50.0,Credit Card,D36
2023-09-13 17:38:39,75.0,Credit Card,D75
2023-09-12 17:41:09,51.5,Credit Card,D89
2023-09-12 17:40:50,125.0,Credit Card,D92
2023-09-12 17:40:48,25.75,Credit Card,D54
2023-09-10 18:00:39,100.0,ACH,D38
2023-09-10 18:00:26,100.0,ACH,D90
2023-09-09 17:39:30,103.0,Credit Card,D124
2023-09-08 17:51:21,15.45,Credit Card,D102
2023-09-08 17:51:16,77.25,Credit Card,D56
2023-09-07 17:48:43,257.5,Credit Card,D40
2023-09-07 17:48:38,25.75,Credit Card,D79
2023-09-07 17:48:26,103.0,Credit Card,D72
2023-09-06 17:42:12,20.6,Credit Card,D5
2023-09-06 17:42:04,50.0,ACH,D84
2023-09-03 17:50:40,103.0,ACH,D17
2023-09-03 17:50:36,103.0,Credit Card,D52
2023-09-02 17:50:30,50.0,Credit Card,D58
2023-09-01 20:58:54,100.0,Credit Card,D73
2023-09-01 20:58:12,40.0,Credit Card,D61
2023-09-01 20:58:08,50.0,Credit Card,D87
2023-09-01 20:58:04,100.0,ACH,D71
2023-09-01 20:58:02,51.5,Credit Card,D80
2023-09-01 20:57:55,103.0,Credit Card,D91
2023-09-01 20:57:55,80.0,ACH,D70
2023-09-01 20:57:53,100.0,Credit Card,D34
2023-09-01 20:57:53,154.5,Credit Card,D137
2023-09-01 20:57:49,51.5,Credit Card,D133
2023-09-01 20:57:20,100.0,ACH,D95
2023-08-31 17:36:18,200.0,ACH,D31
2023-08-31 17:34:57,50.0,Credit Card,D36
2023-08-30 17:48:09,100.0,ACH,D39
2023-08-28 18:04:20,115.0,Credit Card,D45
2023-08-27 17:38:21,50.0,Credit Card,D15
2023-08-26 17:40:51,206.0,Credit Card,D134
2023-08-24 17:43:50,100.0,Credit Card,D6
2023-08-22 17:44:21,150.0,Credit Card,D23
2023-08-20 18:22:10,51.5,Credit Card,D40
2023-08-20 18:20:20,103.0,ACH,D28
2023-08-18 17:54:45,100.0,ACH,D1
2023-08-18 17:52:55,51.5,Credit Card,D25
2023-08-17 17:50:26,100.0,Credit Card,D82
2023-08-17 17:49:39,30.9,Credit Card,D107
2023-08-17 17:46:08,50.0,Credit Card,D36
2023-08-16 17:49:41,41.2,Credit Card,D4
2023-08-16 17:49:40,51.5,Credit Card,D12
2023-08-16 17:49:16,103.0,Credit Card,D119
2023-08-15 19:25:36,103.0,Credit Card,D3
2023-08-15 19:25:34,100.0,ACH,D108
2023-08-15 19:25:27,250.0,Credit Card,D121
2023-08-15 19:25:27,100.0,ACH,D2
2023-08-14 17:44:10,75.0,Credit Card,D75
2023-08-12 17:40:47,51.5,Credit Card,D89
2023-08-12 17:40:24,125.0,Credit Card,D92
2023-08-12 17:40:22,25.75,Credit Card,D54
2023-08-10 18:06:04,100.0,ACH,D38
2023-08-10 18:05:39,100.0,ACH,D90
2023-08-09 17:40:02,103.0,Credit Card,D124
2023-08-08 17:40:26,15.45,Credit Card,D102
2023-08-08 17:40:20,77.25,Credit Card,D56
2023-08-07 17:50:07,25.75,Credit Card,D79
2023-08-07 17:49:41,257.5,Credit Card,D40
2023-08-07 17:49:22,103.0,Credit Card,D72
2023-08-06 17:40:59,20.6,Credit Card,D5
2023-08-06 17:40:48,50.0,ACH,D84
2023-08-04 17:55:23,10.3,Credit Card,D16
2023-08-03 17:53:15,103.0,ACH,D17
2023-08-03 17:53:11,103.0,Credit Card,D52
2023-08-03 17:50:21,50.0,Credit Card,D36
2023-08-02 17:48:51,50.0,Credit Card,D58
2023-08-01 20:26:20,100.0,Credit Card,D73
2023-08-01 20:25:14,100.0,Credit Card,D34
2023-08-01 20:25:12,40.0,Credit Card,D61
2023-08-01 20:25:06,50.0,Credit Card,D87
2023-08-01 20:24:58,100.0,ACH,D71
2023-08-01 20:24:57,51.5,Credit Card,D80
2023-08-01 20:24:52,103.0,Credit Card,D91
2023-08-01 20:24:51,80.0,ACH,D70
2023-08-01 20:24:44,154.5,Credit Card,D137
2023-08-01 20:24:36,51.5,Credit Card,D133
2023-08-01 20:24:33,100.0,ACH,D95
2023-07-31 17:33:37,200.0,ACH,D31
2023-07-30 17:47:06,100.0,ACH,D39
2023-07-27 17:39:34,50.0,Credit Card,D15
2023-07-26 17:40:45,206.0,Credit Card,D134
2023-07-24 17:39:10,100.0,Credit Card,D6
2023-07-22 17:42:57,150.0,Credit Card,D23
2023-07-20 18:03:20,51.5,Credit Card,D40
2023-07-20 18:02:13,103.0,ACH,D28
2023-07-20 17:58:51,50.0,Credit Card,D36
2023-07-18 17:40:39,51.5,Credit Card,D25
2023-07-17 17:43:45,100.0,Credit Card,D82
2023-07-17 17:42:49,30.9,Credit Card,D107
2023-07-16 17:43:33,115.0,Credit Card,D45
2023-07-16 17:43:31,41.2,Credit Card,D4
2023-07-16 17:43:30,51.5,Credit Card,D12
2023-07-16 17:43:26,100.0,ACH,D1
2023-07-16 17:43:18,103.0,Credit Card,D119
2023-07-15 19:21:12,100.0,ACH,D108
2023-07-15 19:21:03,100.0,ACH,D2
2023-07-15 19:21:02,250.0,Credit Card,D121
2023-07-15 19:20:35,103.0,Credit Card,D3
2023-07-13 17:38:41,75.0,Credit Card,D75
2023-07-12 17:41:36,51.5,Credit Card,D89
2023-07-12 17:41:18,125.0,Credit Card,D92
2023-07-12 17:41:16,25.75,Credit Card,D54
2023-07-12 00:40:17,100.0,ACH,D138
2023-07-10 18:02:21,100.0,ACH,D38
2023-07-10 18:02:04,100.0,ACH,D90
2023-07-09 17:37:10,103.0,Credit Card,D124
2023-07-08 17:41:41,15.45,Credit Card,D102
2023-07-08 17:41:33,77.25,Credit Card,D56
2023-07-07 17:56:26,25.75,Credit Card,D79
2023-07-07 17:56:25,257.5,Credit Card,D40
2023-07-07 17:56:11,103.0,Credit Card,D72
2023-07-06 17:44:41,20.6,Credit Card,D5
2023-07-06 17:44:32,50.0,ACH,D84
2023-07-06 17:42:15,50.0,Credit Card,D36
2023-07-04 17:44:27,10.3,Credit Card,D16
2023-07-03 17:53:59,103.0,ACH,D17
2023-07-03 17:53:55,103.0,Credit Card,D52
2023-07-02 17:46:32,50.0,Credit Card,D58
2023-07-01 20:39:34,100.0,Credit Card,D73
2023-07-01 20:38:58,154.5,Credit Card,D137
2023-07-01 20:38:57,103.0,Credit Card,D91
2023-07-01 20:38:56,80.0,ACH,D70
2023-07-01 20:38:53,100.0,Credit Card,D34
2023-07-01 20:38:51,51.5,Credit Card,D133
2023-07-01 20:38:46,40.0,Credit Card,D61
2023-07-01 20:38:41,50.0,Credit Card,D87
2023-07-01 20:38:38,51.5,Credit Card,D80
2023-07-01 20:38:32,100.0,ACH,D71
2023-07-01 20:38:26,100.0,ACH,D95
2023-06-30 18:05:46,100.0,ACH,D39
2023-06-30 18:05:26,200.0,ACH,D31
2023-06-27 17:39:25,50.0,Credit Card,D15
2023-06-26 17:41:24,206.0,Credit Card,D134
2023-06-24 17:38:48,100.0,Credit Card,D6
2023-06-22 17:49:07,150.0,Credit Card,D23
2023-06-22 17:47:13,50.0,Credit Card,D36
2023-06-20 18:04:40,103.0,ACH,D28
2023-06-18 17:42:32,51.5,Credit Card,D25
2023-06-17 17:44:40,100.0,Credit Card,D82
2023-06-17 17:44:38,30.9,Credit Card,D107
2023-06-16 17:58:52,115.0,Credit Card,D45
2023-06-16 17:58:51,51.5,Credit Card,D40
2023-06-16 17:58:50,41.2,Credit Card,D4
2023-06-16 17:58:48,51.5,Credit Card,D12
2023-06-16 17:58:43,100.0,ACH,D1
2023-06-16 17:58:33,103.0,Credit Card,D119
2023-06-15 19:31:51,100.0,ACH,D108
2023-06-15 19:31:46,103.0,Credit Card,D44
2023-06-15 19:31:37,100.0,ACH,D2
2023-06-15 19:31:36,250.0,Credit Card,D121
2023-06-15 19:31:07,103.0,Credit Card,D3
2023-06-13 17:39:57,75.0,Credit Card,D75
2023-06-12 17:44:07,51.5,Credit Card,D89
2023-06-12 17:43:49,125.0,Credit Card,D92
2023-06-12 17:43:46,25.75,Credit Card,D54
2023-06-10 18:01:04,100.0,ACH,D38
2023-06-10 18:00:47,100.0,ACH,D90
2023-06-09 17:49:09,103.0,Credit Card,D124
2023-06-08 17:45:58,15.45,Credit Card,D102
2023-06-08 17:45:15,77.25,Credit Card,D56
2023-06-08 17:41:47,50.0,Credit Card,D36
2023-06-07 17:47:33,257.5,Credit Card,D40
2023-06-07 17:47:19,103.0,Credit Card,D72
2023-06-07 17:47:13,25.75,Credit Card,D79
2023-06-06 17:48:28,20.6,Credit Card,D5
2023-06-06 17:48:18,50.0,ACH,D84
2023-06-04 17:42:19,10.3,Credit Card,D16
2023-06-03 17:50:05,103.0,ACH,D17
2023-06-03 17:49:59,103.0,Credit Card,D52
2023-06-02 17:56:40,100.0,ACH,D128
2023-06-01 20:35:21,150.0,Credit Card,D42
2023-06-01 20:34:38,100.0,Credit Card,D73
2023-06-01 20:33:03,154.5,Credit Card,D137
2023-06-01 20:33:00,103.0,Credit Card,D91
2023-06-01 20:32:59,80.0,ACH,D70
2023-06-01 20:32:59,40.0,Credit Card,D61
2023-06-01 20:32:56,100.0,Credit Card,D34
2023-06-01 20:32:55,50.0,Credit Card,D87
2023-06-01 20:32:53,51.5,Credit Card,D133
2023-06-01 20:32:43,51.5,Credit Card,D80
2023-06-01 20:32:34,100.0,ACH,D71
2023-06-01 20:32:32,100.0,ACH,D95
2023-05-31 17:34:10,200.0,ACH,D31
2023-05-30 17:45:24,100.0,ACH,D39
2023-05-27 17:38:30,50.0,Credit Card,D15
2023-05-26 17:51:12,206.0,Credit Card,D134
2023-05-25 17:51:34,50.0,Credit Card,D36
2023-05-24 17:51:37,100.0,Credit Card,D6
2023-05-22 17:43:19,150.0,Credit Card,D23
2023-05-20 18:01:13,103.0,ACH,D28
2023-05-18 17:39:03,51.5,Credit Card,D25
2023-05-17 17:40:15,100.0,Credit Card,D82
2023-05-17 17:40:14,30.9,Credit Card,D107
2023-05-16 17:43:26,115.0,Credit Card,D45
2023-05-16 17:43:25,51.5,Credit Card,D40
2023-05-16 17:43:24,41.2,Credit Card,D4
2023-05-16 17:43:23,51.5,Credit Card,D12
2023-05-16 17:43:19,100.0,ACH,D1
2023-05-16 17:43:09,103.0,Credit Card,D119
2023-05-15 19:19:37,75.0,Credit Card,D75
2023-05-15 19:18:36,100.0,ACH,D108
2023-05-15 19:18:30,103.0,Credit Card,D44
2023-05-15 19:18:24,100.0,ACH,D2
2023-05-15 19:18:23,250.0,Credit Card,D121
2023-05-15 19:17:50,103.0,Credit Card,D3
2023-05-12 17:46:15,51.5,Credit Card,D89
2023-05-12 17:45:58,125.0,Credit Card,D92
2023-05-12 17:45:55,25.75,Credit Card,D54
2023-05-11 17:35:43,50.0,Credit Card,D36
2023-05-10 17:59:58,100.0,ACH,D38
2023-05-10 17:59:43,100.0,ACH,D90
2023-05-09 17:37:17,103.0,Credit Card,D124
2023-05-08 17:39:17,15.45,Credit Card,D102
2023-05-08 17:39:10,77.25,Credit Card,D56
2023-05-07 17:40:24,257.5,Credit Card,D40
2023-05-07 17:40:10,103.0,Credit Card,D72
2023-05-06 17:38:56,20.6,Credit Card,D5
2023-05-06 17:38:42,50.0,ACH,D84
2023-05-04 17:44:24,10.3,Credit Card,D16
2023-05-03 17:50:49,103.0,ACH,D17
2023-05-03 17:50:44,103.0,Credit Card,D52
2023-05-02 17:44:57,100.0,ACH,D128
2023-05-01 20:45:15,100.0,Credit Card,D73
2023-05-01 20:44:20,80.0,ACH,D70
2023-05-01 20:44:17,100.0,Credit Card,D34
2023-05-01 20:44:12,51.5,Credit Card,D133
2023-05-01 20:44:08,40.0,Credit Card,D61
2023-05-01 20:44:03,51.5,Credit Card,D80
2023-05-01 20:44:03,50.0,Credit Card,D87
2023-05-01 20:43:58,150.0,Credit Card,D42
2023-05-01 20:43:53,100.0,ACH,D71
2023-05-01 20:43:48,154.5,Credit Card,D137
2023-05-01 20:43:46,103.0,Credit Card,D91
2023-05-01 20:43:15,100.0,ACH,D95
2023-04-30 17:51:02,100.0,ACH,D39
2023-04-30 17:50:40,200.0,ACH,D31
2023-04-27 17:37:48,50.0,Credit Card,D15
2023-04-27 17:36:24,50.0,Credit Card,D36
2023-04-26 17:37:49,51.5,Credit Card,D24
2023-04-26 17:37:46,206.0,Credit Card,D134
2023-04-24 17:39:51,100.0,Credit Card,D6
2023-04-22 17:37:48,150.0,Credit Card,D23
2023-04-20 18:00:07,103.0,ACH,D28
2023-04-18 17:38:37,51.5,Credit Card,D25
2023-04-17 17:41:21,100.0,Credit Card,D82
2023-04-17 17:41:20,30.9,Credit Card,D107
2023-04-16 17:42:09,51.5,Credit Card,D40
2023-04-16 17:42:09,115.0,Credit Card,D45
2023-04-16 17:42:07,41.2,Credit Card,D4
2023-04-16 17:42:06,51.5,Credit Card,D12
2023-04-16 17:42:02,100.0,ACH,D1
2023-04-16 17:41:50,103.0,Credit Card,D119
2023-04-15 19:43:13,100.0,ACH,D108
2023-04-15 19:43:05,103.0,Credit Card,D44
2023-04-15 19:42:58,100.0,ACH,D2
2023-04-15 19:42:58,250.0,Credit Card,D121
2023-04-15 19:42:27,103.0,Credit Card,D3
2023-04-13 17:35:15,50.0,Credit Card,D36
2023-04-12 17:37:09,51.5,Credit Card,D89
2023-04-12 17:36:50,125.0,Credit Card,D92
2023-04-12 17:36:47,25.75,Credit Card,D54
2023-04-10 17:59:40,100.0,ACH,D38
2023-04-10 17:59:24,100.0,ACH,D90
2023-04-09 17:34:33,103.0,Credit Card,D124
2023-04-08 17:37:15,15.45,Credit Card,D102
2023-04-08 17:37:08,77.25,Credit Card,D56
2023-04-07 17:52:10,103.0,Credit Card,D72
2023-04-07 17:52:04,257.5,Credit Card,D40
2023-04-06 17:41:05,20.6,Credit Card,D5
2023-04-06 17:40:49,50.0,ACH,D84
2023-04-04 17:42:25,10.3,Credit Card,D16
2023-04-03 17:50:50,103.0,ACH,D17
2023-04-03 17:50:44,103.0,Credit Card,D52
2023-04-02 17:43:01,100.0,ACH,D128
2023-04-01 20:37:27,100.0,Credit Card,D73
2023-04-01 20:37:11,103.0,Credit Card,D91
2023-04-01 20:37:09,80.0,ACH,D70
2023-04-01 20:37:06,100.0,Credit Card,D34
2023-04-01 20:37:01,40.0,Credit Card,D61
2023-04-01 20:37:00,154.5,Credit Card,D137
2023-04-01 20:36:56,50.0,Credit Card,D87
2023-04-01 20:36:54,51.5,Credit Card,D133
2023-04-01 20:36:50,51.5,Credit Card,D80
2023-04-01 20:36:47,100.0,ACH,D95
2023-04-01 20:36:46,150.0,Credit Card,D42
2023-04-01 20:36:37,100.0,ACH,D71
2023-03-31 17:40:15,200.0,ACH,D31
2023-03-30 17:45:36,100.0,ACH,D39
2023-03-30 17:43:04,50.0,Credit Card,D36
2023-03-27 17:38:18,50.0,Credit Card,D15
2023-03-26 17:35:40,51.5,Credit Card,D24
2023-03-26 17:35:38,206.0,Credit Card,D134
2023-03-24 17:47:19,100.0,Credit Card,D6
2023-03-22 17:39:10,150.0,Credit Card,D23
2023-03-20 18:01:02,103.0,ACH,D28
2023-03-17 17:50:45,100.0,Credit Card,D82
2023-03-17 17:50:44,30.9,Credit Card,D107
2023-03-16 17:48:05,51.5,Credit Card,D40
2023-03-16 17:48:05,115.0,Credit Card,D45
2023-03-16 17:48:03,41.2,Credit Card,D4
2023-03-16 17:48:02,51.5,Credit Card,D12
2023-03-16 17:47:58,100.0,ACH,D1
2023-03-16 17:47:46,103.0,Credit Card,D119
2023-03-16 17:45:09,50.0,Credit Card,D36
2023-03-15 19:19:26,75.0,Credit Card,D75
2023-03-15 19:18:41,100.0,ACH,D108
2023-03-15 19:18:35,103.0,Credit Card,D44
2023-03-15 19:18:28,100.0,ACH,D2
2023-03-15 19:18:27,250.0,Credit Card,D121
2023-03-15 19:18:26,103.0,Credit Card,D3
2023-03-13 17:36:33,50.0,Credit Card,D25
2023-03-12 17:35:43,51.5,Credit Card,D89
2023-03-12 17:35:20,125.0,Credit Card,D92
2023-03-12 17:35:17,25.75,Credit Card,D54
2023-03-10 18:07:45,100.0,ACH,D38
2023-03-10 18:07:26,100.0,ACH,D90
2023-03-09 17:38:02,103.0,Credit Card,D124
2023-03-08 17:39:23,15.45,Credit Card,D102
2023-03-08 17:39:15,77.25,Credit Card,D56
2023-03-07 17:43:10,257.5,Credit Card,D40
2023-03-07 17:42:56,103.0,Credit Card,D72
2023-03-07 17:42:43,25.75,Credit Card,D79
2023-03-06 17:41:34,20.6,Credit Card,D5
2023-03-06 17:41:18,50.0,ACH,D84
2023-03-04 17:44:04,10.3,Credit Card,D16
2023-03-03 18:01:10,103.0,ACH,D17
2023-03-03 18:01:05,103.0,Credit Card,D52
2023-03-02 17:48:12,100.0,ACH,D128
2023-03-02 17:44:54,50.0,Credit Card,D36
2023-03-02 00:52:19,41.2,Credit Card,D4
2023-03-01 20:48:15,100.0,ACH,D76
2023-03-01 20:48:06,206.0,Credit Card,D73
2023-03-01 20:46:43,103.0,Credit Card,D91
2023-03-01 20:46:40,80.0,ACH,D70
2023-03-01 20:46:39,40.0,Credit Card,D61
2023-03-01 20:46:38,100.0,Credit Card,D34
2023-03-01 20:46:38,150.0,Credit Card,D42
2023-03-01 20:46:34,50.0,Credit Card,D87
2023-03-01 20:46:28,154.5,Credit Card,D137
2023-03-01 20:46:22,100.0,ACH,D71
2023-03-01 20:46:21,51.5,Credit Card,D80
2023-03-01 20:46:19,51.5,Credit Card,D133
2023-03-01 20:46:03,100.0,ACH,D95
2023-02-28 18:19:21,100.0,ACH,D39
2023-02-28 18:18:41,200.0,ACH,D31
2023-02-27 17:37:45,50.0,Credit Card,D15
2023-02-26 17:36:21,206.0,Credit Card,D134
2023-02-24 17:44:36,100.0,Credit Card,D6
2023-02-23 02:06:08,300.0,ACH,D138
2023-02-22 17:39:54,150.0,Credit Card,D23
2023-02-20 18:00:04,103.0,ACH,D28
2023-02-17 17:49:29,100.0,Credit Card,D82
2023-02-17 17:49:27,30.9,Credit Card,D107
2023-02-16 17:48:02,115.0,Credit Card,D45
2023-02-16 17:48:01,51.5,Credit Card,D40
2023-02-16 17:47:58,51.5,Credit Card,D12
2023-02-16 17:47:54,100.0,ACH,D1
2023-02-16 17:47:42,103.0,Credit Card,D119
2023-02-16 17:44:55,50.0,Credit Card,D36
2023-02-15 20:37:28,75.0,Credit Card,D75
2023-02-15 19:26:00,100.0,ACH,D108
2023-02-15 19:25:52,103.0,Credit Card,D44
2023-02-15 19:25:45,100.0,ACH,D2
2023-02-15 19:25:44,250.0,Credit Card,D121
2023-02-15 19:25:06,103.0,Credit Card,D3
2023-02-13 17:36:00,50.0,Credit Card,D25
2023-02-12 17:36:06,125.0,Credit Card,D92
2023-02-12 17:36:03,25.75,Credit Card,D54
2023-02-12 17:35:55,51.5,Credit Card,D89
2023-02-10 18:06:17,100.0,ACH,D38
2023-02-10 18:05:58,100.0,ACH,D90
2023-02-09 17:39:05,103.0,Credit Card,D124
2023-02-08 17:38:55,15.45,Credit Card,D102
2023-02-08 17:38:48,77.25,Credit Card,D56
2023-02-07 17:43:24,103.0,Credit Card,D72
2023-02-07 17:43:19,257.5,Credit Card,D40
2023-02-07 17:43:09,25.75,Credit Card,D79
2023-02-06 17:41:33,20.6,Credit Card,D5
2023-02-06 17:41:17,50.0,ACH,D84
2023-02-04 17:43:22,10.3,Credit Card,D16
2023-02-03 18:00:04,103.0,ACH,D17
2023-02-03 17:59:57,103.0,Credit Card,D52
2023-02-02 17:46:59,100.0,ACH,D128
2023-02-02 17:44:11,50.0,Credit Card,D36
2023-02-01 21:06:04,103.0,Credit Card,D91
2023-02-01 21:06:02,80.0,ACH,D70
2023-02-01 21:05:59,100.0,Credit Card,D34
2023-02-01 21:05:57,40.0,Credit Card,D61
2023-02-01 21:05:53,51.5,Credit Card,D80
2023-02-01 21:05:53,100.0,ACH,D76
2023-02-01 21:05:51,50.0,Credit Card,D87
2023-02-01 21:05:48,150.0,Credit Card,D42
2023-02-01 21:05:46,206.0,Credit Card,D73
2023-02-01 21:05:39,100.0,ACH,D71
2023-02-01 21:05:39,154.5,Credit Card,D137
2023-02-01 21:05:31,51.5,Credit Card,D133
2023-02-01 21:05:29,100.0,ACH,D95
2023-01-31 17:31:33,200.0,ACH,D31
2023-01-30 17:47:52,100.0,ACH,D39
2023-01-27 17:46:05,50.0,Credit Card,D15
2023-01-26 17:38:36,206.0,Credit Card,D134
2023-01-24 17:34:27,100.0,Credit Card,D6
2023-01-22 17:37:07,150.0,Credit Card,D23
2023-01-20 18:10:27,103.0,ACH,D28
2023-01-19 17:37:07,50.0,Credit Card,D36
2023-01-17 17:39:31,100.0,Credit Card,D82
2023-01-17 17:39:30,30.9,Credit Card,D107
2023-01-16 17:47:23,115.0,Credit Card,D45
2023-01-16 17:47:22,51.5,Credit Card,D40
2023-01-16 17:47:20,41.2,Credit Card,D4
2023-01-16 17:47:19,51.5,Credit Card,D12
2023-01-16 17:47:12,100.0,ACH,D1
2023-01-16 17:47:00,103.0,Credit Card,D119
2023-01-15 19:30:39,100.0,ACH,D108
2023-01-15 19:30:32,103.0,Credit Card,D44
2023-01-15 19:30:25,100.0,ACH,D2
2023-01-15 19:30:24,250.0,Credit Card,D121
2023-01-15 19:29:48,103.0,Credit Card,D3
2023-01-13 17:45:40,50.0,Credit Card,D25
2023-01-12 17:40:05,125.0,Credit Card,D92
2023-01-12 17:40:01,25.75,Credit Card,D54
2023-01-12 17:39:49,51.5,Credit Card,D89
2023-01-10 18:07:47,100.0,ACH,D38
2023-01-10 18:07:29,100.0,ACH,D90
2023-01-09 17:41:14,103.0,Credit Card,D124
2023-01-08 17:38:38,15.45,Credit Card,D102
2023-01-08 17:38:29,77.25,Credit Card,D56
2023-01-07 17:46:24,257.5,Credit Card,D40
2023-01-07 17:46:22,25.75,Credit Card,D79
2023-01-07 17:46:09,103.0,Credit Card,D72
2023-01-06 17:50:12,20.6,Credit Card,D5
2023-01-06 17:49:53,50.0,ACH,D84
2023-01-05 18:19:16,50.0,Credit Card,D36
2023-01-04 17:50:18,10.3,Credit Card,D16
2023-01-03 17:53:18,103.0,ACH,D17
2023-01-03 17:53:12,103.0,Credit Card,D52
2023-01-02 17:51:19,100.0,ACH,D128
2023-01-01 21:05:15,100.0,ACH,D76
2023-01-01 21:05:15,51.5,Credit Card,D133
2023-01-01 21:05:13,50.0,Credit Card,D87
2023-01-01 21:05:05,51.5,Credit Card,D80
2023-01-01 21:04:59,150.0,Credit Card,D42
2023-01-01 21:04:56,206.0,Credit Card,D73
2023-01-01 21:04:55,103.0,Credit Card,D91
2023-01-01 21:04:53,80.0,ACH,D70
2023-01-01 21:04:52,100.0,ACH,D71
2023-01-01 21:04:50,100.0,Credit Card,D34
2023-01-01 21:04:49,154.5,Credit Card,D137
2023-01-01 21:04:47,40.0,Credit Card,D61
2023-01-01 21:04:33,100.0,ACH,D95
2022-12-31 17:31:16,200.0,ACH,D31
2022-12-30 17:58:51,100.0,ACH,D39
2022-12-30 05:59:37,75.0,Credit Card,D75
2022-12-27 17:36:09,50.0,Credit Card,D15
2022-12-26 17:37:59,500.0,Credit Card,D59
2022-12-26 17:37:53,51.5,Credit Card,D24
2022-12-26 17:37:51,206.0,Credit Card,D134
2022-12-25 17:48:33,103.0,Credit Card,D83
2022-12-24 17:36:07,100.0,Credit Card,D6
2022-12-22 17:40:04,150.0,Credit Card,D23
2022-12-22 17:37:44,50.0,Credit Card,D36
2022-12-21 04:55:58,1500.0,ACH,D111
2022-12-20 18:00:30,103.0,ACH,D28
2022-12-17 17:40:26,100.0,Credit Card,D82
2022-12-17 17:40:25,30.9,Credit Card,D107
2022-12-16 17:59:37,115.0,Credit Card,D45
2022-12-16 17:59:36,51.5,Credit Card,D40
2022-12-16 17:59:33,41.2,Credit Card,D4
2022-12-16 17:59:32,51.5,Credit Card,D12
2022-12-16 17:59:27,100.0,ACH,D1
2022-12-16 17:59:15,103.0,Credit Card,D119
2022-12-15 19:52:35,100.0,ACH,D108
2022-12-15 19:52:27,103.0,Credit Card,D44
2022-12-15 19:52:19,100.0,ACH,D2
2022-12-15 19:52:18,250.0,Credit Card,D121
2022-12-15 19:51:40,103.0,Credit Card,D3
2022-12-13 17:39:17,50.0,Credit Card,D25
2022-12-12 17:43:46,125.0,Credit Card,D92
2022-12-12 17:43:41,25.75,Credit Card,D54
2022-12-12 17:43:09,51.5,Credit Card,D89
2022-12-10 18:08:12,100.0,ACH,D38
2022-12-10 18:07:53,100.0,ACH,D90
2022-12-09 17:51:29,1500.0,ACH,D111
2022-12-09 17:51:28,103.0,Credit Card,D124
2022-12-08 17:48:12,15.45,Credit Card,D102
2022-12-08 17:48:01,77.25,Credit Card,D56
2022-12-08 17:45:55,50.0,Credit Card,D36
2022-12-07 17:52:34,257.5,Credit Card,D40
2022-12-07 17:52:25,25.75,Credit Card,D79
2022-12-07 17:52:17,103.0,Credit Card,D72
2022-12-06 17:44:39,20.6,Credit Card,D5
2022-12-06 17:44:19,50.0,ACH,D84
2022-12-03 17:57:37,103.0,ACH,D17
2022-12-03 17:57:28,103.0,Credit Card,D52
2022-12-02 18:05:08,100.0,ACH,D128
2022-12-01 21:32:26,40.0,Credit Card,D61
2022-12-01 21:32:24,103.0,Credit Card,D91
2022-12-01 21:32:22,80.0,ACH,D70
2022-12-01 21:32:21,100.0,ACH,D76
2022-12-01 21:32:19,100.0,Credit Card,D34
2022-12-01 21:32:19,50.0,Credit Card,D87
2022-12-01 21:32:16,206.0,Credit Card,D73
2022-12-01 21:32:08,154.5,Credit Card,D137
2022-12-01 21:32:03,100.0,ACH,D71
2022-12-01 21:32:01,51.5,Credit Card,D80
2022-12-01 21:31:59,51.5,Credit Card,D133
2022-12-01 21:31:57,150.0,Credit Card,D42
2022-12-01 21:31:41,100.0,ACH,D95
2022-11-30 17:59:51,200.0,ACH,D31
2022-11-30 17:59:43,100.0,ACH,D39
2022-11-29 22:25:30,75.0,ACH,D75
2022-11-27 17:39:08,50.0,Credit Card,D15
2022-11-26 17:41:55,51.5,Credit Card,D24
2022-11-26 17:41:52,206.0,Credit Card,D134
2022-11-25 18:08:39,103.0,Credit Card,D83
2022-11-24 17:42:09,100.0,Credit Card,D6
2022-11-24 17:40:06,50.0,Credit Card,D36
2022-11-22 17:44:11,150.0,Credit Card,D23
2022-11-20 18:08:00,103.0,ACH,D28
2022-11-17 17:45:55,100.0,Credit Card,D82
2022-11-17 17:45:53,30.9,Credit Card,D107
2022-11-16 17:51:39,115.0,Credit Card,D45
2022-11-16 17:51:36,51.5,Credit Card,D40
2022-11-16 17:51:33,41.2,Credit Card,D4
2022-11-16 17:51:32,51.5,Credit Card,D12
2022-11-16 17:51:26,100.0,ACH,D1
2022-11-16 17:51:11,103.0,Credit Card,D119
2022-11-15 20:02:57,100.0,ACH,D108
2022-11-15 20:02:49,103.0,Credit Card,D44
2022-11-15 20:02:42,100.0,ACH,D2
2022-11-15 20:02:41,250.0,Credit Card,D121
2022-11-15 20:02:00,103.0,Credit Card,D3
2022-11-13 17:36:59,50.0,Credit Card,D25
2022-11-12 17:41:58,125.0,Credit Card,D92
2022-11-12 17:41:53,25.75,Credit Card,D54
2022-11-12 17:41:42,51.5,Credit Card,D89
2022-11-10 18:09:38,100.0,ACH,D38
2022-11-10 18:09:15,100.0,ACH,D90
2022-11-10 18:05:33,50.0,Credit Card,D36
2022-11-10 02:14:49,100.0,ACH,D38
2022-11-08 17:42:48,15.45,Credit Card,D102
2022-11-08 17:42:36,77.25,Credit Card,D56
2022-11-07 17:52:34,103.0,Credit Card,D72
2022-11-07 17:52:16,25.75,Credit Card,D79
2022-11-06 17:41:51,20.6,Credit Card,D5
2022-11-06 17:41:29,50.0,ACH,D84
2022-11-05 18:16:47,257.5,Credit Card,D40
2022-11-03 17:58:05,103.0,ACH,D17
2022-11-03 17:57:52,103.0,Credit Card,D52
2022-11-02 17:50:26,100.0,ACH,D128
2022-11-02 17:50:10,10.0,Credit Card,D16
2022-11-01 21:26:12,150.0,Credit Card,D42
2022-11-01 21:26:11,40.0,Credit Card,D61
2022-11-01 21:26:09,103.0,Credit Card,D91
2022-11-01 21:26:09,206.0,Credit Card,D73
2022-11-01 21:26:07,80.0,ACH,D70
2022-11-01 21:26:06,100.0,ACH,D76
2022-11-01 21:26:04,50.0,Credit Card,D87
2022-11-01 21:26:03,100.0,Credit Card,D34
2022-11-01 21:26:01,154.5,Credit Card,D137
2022-11-01 21:25:59,100.0,ACH,D71
2022-11-01 21:25:51,51.5,Credit Card,D133
2022-11-01 21:25:41,51.5,Credit Card,D80
2022-11-01 21:25:36,100.0,ACH,D95
2022-10-31 17:35:31,200.0,ACH,D31
2022-10-30 17:51:02,100.0,ACH,D39
2022-10-27 17:41:11,50.0,Credit Card,D15
2022-10-27 17:39:09,50.0,Credit Card,D36
2022-10-27 03:10:00,75.0,ACH,D75
2022-10-26 17:42:05,51.5,Credit Card,D24
2022-10-26 17:42:02,206.0,Credit Card,D134
2022-10-25 18:00:21,103.0,Credit Card,D83
2022-10-24 17:42:44,100.0,Credit Card,D6
2022-10-23 17:40:32,103.0,Credit Card,D124
2022-10-22 17:45:11,150.0,Credit Card,D23
2022-10-21 23:14:20,500.0,Credit Card,D35
2022-10-20 18:11:19,103.0,ACH,D28
2022-10-20 02:45:35,103.0,Credit Card,D103
2022-10-19 17:41:57,500.0,Credit Card,D120
2022-10-17 17:46:54,100.0,Credit Card,D82
2022-10-17 17:46:53,30.9,Credit Card,D107
2022-10-17 17:46:33,103.0,Credit Card,D136
2022-10-17 09:00:00,2500.0,Check,D26
2022-10-16 17:49:39,51.5,Credit Card,D40
2022-10-16 17:49:36,41.2,Credit Card,D4
2022-10-16 17:49:35,51.5,Credit Card,D12
2022-10-16 17:49:30,100.0,ACH,D1
2022-10-16 17:49:29,103.0,Credit Card,D45
2022-10-16 17:49:15,103.0,Credit Card,D119
2022-10-15 20:18:24,100.0,ACH,D108
2022-10-15 20:18:07,103.0,Credit Card,D44
2022-10-15 20:17:59,100.0,ACH,D2
2022-10-15 20:17:59,250.0,Credit Card,D121
2022-10-15 20:17:10,103.0,Credit Card,D3
2022-10-15 08:35:09,300.0,Credit Card,D101
2022-10-14 21:16:21,40.0,Credit Card,D129
2022-10-13 17:38:40,50.0,Credit Card,D36
2022-10-12 17:41:57,125.0,Credit Card,D92
2022-10-12 17:41:51,25.75,Credit Card,D54
2022-10-12 17:41:41,51.5,Credit Card,D89
2022-10-12 06:04:39,25.75,Credit Card,D51
2022-10-11 17:43:45,51.5,Credit Card,D25
2022-10-10 18:10:53,100.0,ACH,D38
2022-10-10 18:10:33,100.0,ACH,D90
2022-10-08 17:44:59,15.45,Credit Card,D102
2022-10-08 17:44:47,77.25,Credit Card,D56
2022-10-07 18:02:35,25.75,Credit Card,D79
2022-10-07 18:02:20,103.0,Credit Card,D72
2022-10-06 17:46:55,20.6,Credit Card,D5
2022-10-06 17:46:33,50.0,ACH,D84
2022-10-05 18:19:15,257.5,Credit Card,D40
2022-10-04 05:01:59,75.0,ACH,D75
2022-10-03 18:01:45,103.0,ACH,D17
2022-10-03 18:01:38,103.0,Credit Card,D52
2022-10-02 17:51:09,100.0,ACH,D128
2022-10-02 17:50:50,10.0,Credit Card,D16
2022-10-01 21:33:14,103.0,Credit Card,D91
2022-10-01 21:33:12,80.0,ACH,D70
2022-10-01 21:33:11,150.0,Credit Card,D42
2022-10-01 21:33:09,100.0,Credit Card,D34
2022-10-01 21:33:08,40.0,Credit Card,D61
2022-10-01 21:33:07,206.0,Credit Card,D73
2022-10-01 21:33:04,100.0,ACH,D76
2022-10-01 21:33:01,50.0,Credit Card,D87
2022-10-01 21:32:59,154.5,Credit Card,D137
2022-10-01 21:32:49,51.5,Credit Card,D133
2022-10-01 21:32:45,51.5,Credit Card,D80
2022-10-01 21:32:34,100.0,ACH,D71
2022-10-01 21:32:16,100.0,ACH,D95
2022-09-30 18:14:05,100.0,ACH,D39
2022-09-29 17:40:36,50.0,Credit Card,D36
2022-09-27 23:56:56,160.0,Credit Card,D20
2022-09-27 17:40:39,50.0,Credit Card,D15
2022-09-26 17:44:54,51.5,Credit Card,D24
2022-09-26 17:44:51,206.0,Credit Card,D134
2022-09-24 17:39:28,100.0,Credit Card,D6
2022-09-23 17:52:33,103.0,Credit Card,D124
2022-09-22 17:47:42,150.0,Credit Card,D23
2022-09-21 17:03:39,600.0,ACH,D98
2022-09-20 18:11:27,103.0,ACH,D28
2022-09-20 07:55:59,309.0,Credit Card,D125
2022-09-20 01:02:27,1200.0,Credit Card,D48
2022-09-19 21:49:04,2455.18,Credit Card,D82
2022-09-17 17:48:13,30.9,Credit Card,D107
2022-09-17 17:48:13,300.0,ACH,D138
2022-09-17 17:47:50,103.0,Credit Card,D136
2022-09-16 18:10:55,100.0,ACH,D1
2022-09-16 18:10:54,103.0,Credit Card,D45
2022-09-16 18:10:38,103.0,Credit Card,D119
2022-09-15 21:54:07,103.0,Credit Card,D14
2022-09-15 20:03:44,250.0,Credit Card,D121
2022-09-15 20:03:44,100.0,ACH,D2
2022-09-15 20:02:59,103.0,Credit Card,D3
2022-09-15 19:52:07,50.0,Credit Card,D36
2022-09-15 03:15:17,50.0,Credit Card,D8
2022-09-14 03:41:52,160.0,Credit Card,D20
2022-09-13 06:18:55,515.0,Credit Card,D49
2022-09-12 17:43:47,125.0,Credit Card,D92
2022-09-12 17:43:41,25.75,Credit Card,D54
2022-09-12 17:43:30,51.5,Credit Card,D89
2022-09-11 17:40:10,51.5,Credit Card,D25
2022-09-10 18:07:27,100.0,ACH,D90
2022-09-10 00:36:24,7500.0,Credit Card,D114
2022-09-08 17:47:08,15.45,Credit Card,D102
2022-09-08 17:46:57,77.25,Credit Card,D56
2022-09-07 17:48:45,25.75,Credit Card,D79
2022-09-06 17:44:01,50.0,ACH,D84
2022-09-03 17:56:54,103.0,Credit Card,D52
2022-09-02 18:04:30,10.0,Credit Card,D16
2022-09-02 18:04:14,50.0,ACH,D128
2022-09-01 21:30:24,206.0,Credit Card,D73
2022-09-01 21:30:21,51.5,Credit Card,D88
2022-09-01 21:30:06,51.5,Credit Card,D80
2022-09-01 21:30:03,51.5,Credit Card,D133
2022-09-01 21:30:00,150.0,Credit Card,D42
2022-09-01 21:29:44,100.0,ACH,D95
2022-08-31 17:36:38,160.0,Credit Card,D20
2022-08-25 18:00:37,103.0,Credit Card,D83
2022-08-24 17:40:31,100.0,Credit Card,D6
2022-08-23 17:41:08,103.0,Credit Card,D124
2022-08-17 20:42:38,74.0,Credit Card,D45
2022-08-17 17:46:35,103.0,Credit Card,D136
2022-08-15 20:31:46,103.0,Credit Card,D3
2022-08-12 17:54:08,51.5,Credit Card,D89
2022-08-11 17:43:53,206.0,ACH,D25
2022-08-11 17:43:49,51.5,Credit Card,D25
2022-08-10 18:07:53,100.0,ACH,D90
2022-08-08 17:45:58,15.45,Credit Card,D102
2022-08-08 17:45:46,77.25,Credit Card,D56
2022-08-07 17:46:17,25.75,Credit Card,D79
2022-08-06 17:46:40,50.0,ACH,D84
2022-08-02 17:53:48,10.0,Credit Card,D16
2022-08-02 17:53:41,50.0,ACH,D128
2022-08-01 21:50:12,100.0,ACH,D95
2022-07-02 17:52:00,50.0,ACH,D128
2022-05-24 09:00:00,250.0,Check,D94
2022-05-14 05:15:00,103.0,Credit Card,D9
2022-05-14 04:48:00,200.0,Credit Card,D3
2022-05-13 05:37:00,200.0,ACH,D39
2022-05-01 21:25:41,100.0,Credit Card,D42
2022-04-19 23:27:00,103.0,Credit Card,D50
2022-04-04 01:33:00,51.5,Credit Card,D69
2022-03-22 19:18:00,500.0,Credit Card,D6
2022-03-18 23:40:00,206.0,Credit Card,D1
2022-03-16 21:35:00,100.0,Credit Card,D40
2022-03-16 21:34:00,257.5,Credit Card,D40
2022-03-07 18:09:00,500.0,ACH,D98
2022-03-01 01:00:00,1500.0,Credit Card,D82
2022-02-25 06:56:00,309.0,Credit Card,D101
2022-02-22 08:34:00,103.0,Credit Card,D127
2022-02-22 04:01:00,12.0,ACH,D18
